1,,恐ろしい,okropny
2,1,反対者,"adwersarz
oponent
przeciwnik
przeciwny"
3,,調える,"gotowy
przygotować
przygotowywać
przyrządzać
szykować"
4,1,あざらし,foka
5,,操り人形,"kukiełka
marionetka"
6,,温度計,termometr
7,,動かす,"poruszać
ruszać"
8,1,断わる,"odmawiać
odrzucać
odrzucić
wzbraniać"
9,,解剖学,anatomia
10,,七面鳥,indyk
11,,馬鹿馬鹿しい,"durny
głupi"
12,1,生き残る,przetrwać
13,,利己主義,egoizm
14,,労働者,pracownik
15,,手馴らし,"praktyka
wprawa"
16,,気候学,klimatologia
17,,専制君主,"autokrata
despota
samowładca"
18,,解毒剤,"antidotum
odtrutka"
19,1,地球物理学,geofizyka
20,1,巻き煙草,papieros
21,1,水族館,akwarium
22,,青少年,młodzież
23,1,水曜日,środowy
24,,気圧計,barometr
25,1,鉄砲玉,"kula
kulka"
26,,気保養,"odpoczynek
rozrywka"
27,,情ない,"biedny
lichy
marny
nędzny
nieszczęśliwy
nikczemny
żałosny"
28,,遊覧客,"turysta
wczasowicz"
29,,浴びる,"kąpać
kąpiel
wanna
wykąpać"
30,,動物園,menażeria
31,,動物学,zoologia
32,1,水理学,hydraulika
33,,統語論,składnia
34,1,組み合わせ,kombinacja
35,1,何故ならば,"albowiem
bo
bowiem
gdyż
ponieważ"
36,,青白い,"bezbarwny
blady"
37,,看護師,"pielęgniarka
pielęgniarz"
38,,冷蔵庫,"chłodnia
chłodziarka
lodówka"
39,1,カナリア,"kanarek
kanarkowy"
40,,水菓子,"owoc
owocowy
płód"
41,,受け皿,spodek
42,1,猜疑心,"zawiść
zazdrość"
43,,セロリ,seler
44,,有難味,wartość
45,,気紛れ,"fantazja
kaprys
zachcianka"
46,,ビーバー,bóbr
47,1,不一致,"niezgoda
niezgodność"
48,,不思議,zastanawiać
49,,出来事,"wydarzenie
wypadek
zaszłość
zdarzenie"
50,,出来物,"guz
nowotwór"
51,1,埋める,"grzebać
pochować
zakopać
zakopywać"
52,,気象学,meteorologia
53,,窃盗罪,"kradzież
złodziejstwo"
54,,不安心,"bojaźń
obawa
przestrach
strach"
55,1,受取る,"akceptować
honorować
przyjąć
przyjmować
zaakceptować"
56,,死刑執行,"egzekucja
stracenie
wykonanie"
57,1,ジャッカル,szakal
58,,申込み,"oferta
podaż
propozycja"
59,,顔付き,"czoło
lico
naprzeciw
oblicze
przód
twarz"
60,,受信者,odbiorca
61,,耐え忍ぶ,"cierpieć
wycierpieć
wytrzymać
wytrzymywać
znosić"
62,,不注意,beztroska
63,,整合性,"integralność
nienaruszalność
prawość"
64,,不眠症,bezsenność
65,1,止まり,"postój
przerwa
przystanek
ustawać
zatrzymanie"
66,,曲がり,"fałd
fałda
krzywa
zagięcie
zakręt
zgiąć
zmarszczka"
67,1,曲げる,"giąć
krzywić
pochylać
schylać
skręcać
uginać
wygięcie
wyginać
zgiąć
zgięcie
zginać"
68,,ひまわり,słonecznikowy
69,1,雛人形,"lala
lalka"
70,,重水素,deuter
71,,求める,"prosić
pytać
żądać"
72,,おそらく,może
73,1,耐え難い,nieznośny
74,,幼年時代,dzieciństwo
75,1,直接的,"bezpośredni
prosty
wprost"
76,,ツバメ,"połykać
przełykać"
77,,攻める,"atakować
nacierać
napadać"
78,,活性化,aktywacja
79,1,信心深い,bogobojny
80,1,素早く,"prędko
szybko"
81,,社会主義,socjalizm
82,1,コルネット,"kornet
trąba
trąbka"
83,,コンピュータ,komputer
84,1,みつばち,pszczoła
85,,植物学,botanika
86,1,破傷風,tężec
87,1,討論会,"debata
debatować"
88,,牧草地,"łąka
pastwisko"
89,,光合成,fotosynteza
90,,尼法師,"mniszka
zakonnica"
91,,物理学者,fizyk
92,,ほとんど,"niebawem
niemal
nieomal
omal
prawie"
93,,赤ちゃん,"bobas
dziecko
niemowlę"
94,,キャベツ,kapusta
95,,詳しい,"dokładny
precyzyjny
punktualny
ścisły"
96,,純な少女,"dziewica
dziewiczy"
97,,倫理学,"etyczny
etyka"
98,1,誂え向き,"ideał
idealny"
99,,千年紀,tysiąclecie
100,,除外例,wyjątek
101,,白内障,"katarakta
zaćma"
102,,差し上げる,"dać
darować
dawać
podawać"
103,1,ハサミムシ,skorek
104,,打ちまける,"przyznawać
spowiadać
wyspowiadać
wyznawać"
105,,食らう,"jeść
zjeść
żreć"
106,1,食べる,"jadać
jeść
zjeść"
107,1,熟練した,"biegły
ekspert
rutynowany
rzeczoznawca
sprawny
znawca"
108,,寄生虫,"darmozjad
pasożyt"
109,,接尾辞,przyrostek
110,,指示薬,wskaźnik
111,,聴診器,"słuchawka
stetoskop"
112,,拍手喝采,"aplauz
brawo
oklaski
pochwała"
113,1,珍しい,rzadki
114,1,あなぐま,borsuk
115,,酸化物,tlenek
116,,居住者,mieszkaniec
117,,除草剤,"chwastobójczy
herbicyd"
118,,接着剤,"klajster
kleić
klej
klejowy
lep"
119,1,議定書,protokół
120,1,受け入れる,zaakceptować
121,,花崗岩,"granit
granitowy"
122,,納める,"opłacać
płacić
uiszczać
zapłacić"
123,,真夜中,północ
124,1,キリン,żyrafa
125,,接頭辞,"prefiks
przedrostek"
126,,おおかみ,wilk
127,,記念品,pamiątka
128,,記念碑,"pomnik
zabytek"
129,,遣り方,"metoda
sposób"
130,1,遣わす,wysłać
131,1,名誉毀損,zniesławienie
132,,居酒屋,tawerna
133,,人口学,demografia
134,1,素晴らしい,"błyskotliwy
cudowny"
135,,幾何学,geometria
136,,八辺形,"ośmiobok
ośmiokąt"
137,,訝しむ,wątpić
138,,映画館,kino
139,,焦熱地獄,piekło
140,,濡らす,"moczyć
zwilżać"
141,,建築学,"architektura
budownictwo"
142,1,建築家,architekt
143,,奴隷制度,"niewola
niewolnictwo"
144,1,無政府状態,"anarchia
nierząd"
145,,造り出す,"dobywać
produkować
stwarzać
stworzyć
tworzyć
wyprodukować
wyrabiać
wytwarzać"
146,,犯罪学,kryminologia
147,,犯罪者,"kryminalista
przestępca
zbrodniarz"
148,,言い分,"oskarżenie
powództwo
skarga
zażalenie"
149,,摩天楼,wieżowiec
150,,委員会,"komisja
komitet
prowizja"
151,1,突然変異,mutacja
152,1,ユーカリ,eukaliptus
153,1,文献学,"filologia
językoznawstwo"
154,1,平行四辺形,równoległobok
155,,秀でる,"prześcigać
przewyższać"
156,,イノシシ,"dzik
knur
odyniec"
157,1,作曲家,kompozytor
158,,言合い,"dysputa
kłótnia
konflikt
pyskówka
spór
sprzeczka
zatarg"
159,,人間的,"człowieczy
człowiek
ludzki"
160,,人類学,antropologia
161,1,言伝て,"orędzie
wiadomość"
162,,ライラック,"bez
lila
liliowy"
163,1,来たす,"nakłaniać
sprawiać"
164,,両生類,"amfibia
płaz
ziemnowodny"
165,,御互い,"obopólny
obustronny
wzajemny"
166,,御令嬢,"córka
dziewczyna
dziewczynka
dziewica"
167,,遺産相続人,"dziedzic
spadkobierca"
168,,隔たり,"dystans
oddalenie
odległość
odstęp"
169,,収容所,"azyl
przytułek
schronienie"
170,1,言語学,"językoznawstwo
lingwistyka"
171,,運動学,kinematyka
172,,語源学,etymologia
173,1,騒々しい,"hałaśliwy
krzykliwy
wrzaskliwy"
174,,寒心すべき,"nędzny
smutny
żałosny"
175,,重重しい,"ciężki
poważny
ważny"
176,,引っ張る,"ciągnąć
czerpać
pociągać
przeciągać
ściągnąć
szarpać
wyciągać"
177,,保釈金,"kaucja
poręczenie
poręczyciel
poręka"
178,,シラミ,wesz
179,,言い出す,"poradzić
proponować
sugerować
zamierzać"
180,,トナカイ,"ren
renifer"
181,,受け入れ,akceptacja
182,,言い争う,sprzeczać
183,,言い回し,"ekspresja
wyraz
wyrażanie
wyrażenie
zwrot"
184,,言い伝え,"bajka
legenda"
185,,多辺形,wielokąt
186,,裏切り者,zdrajca
187,1,訊ねる,"poprosić
prosić
pytać
spytać
upraszać
zapytać
zapytywać"
188,,言い渡し,"ład
porządek
rozkaz
zakon
zlecenie"
189,,言い渡す,"kazać
nakazywać
porządkować
rozkazywać"
190,,暫定的,"chwilowy
doraźny
prowizoryczny
przejściowy
tymczasowy"
191,,山登り,"alpinistyka
taternictwo"
192,,運転手,"kierowca
szofer"
193,1,耐える,znosić
194,,土砂降り,ulewa
195,,三部作,trylogia
196,,配偶者,mąż
197,,三角形,trójkąt
198,1,三角法,trygonometria
199,,螺子回し,śrubokręt
200,,南京虫,pluskwa
201,,ピューマ,kuguar
202,,賛美歌,pieśń
203,,健やか,"silny
solidny
zdrowy"
204,1,ポンド,"funt
tłuc
walić"
205,,苦しむ,cierpieć
206,,苦しみ,cierpienie
207,,裏切り,zdrada
208,,裏付け,"bezpieczeństwo
pewność"
209,,本当に,doprawdy
210,,治める,"panować
rządzić"
211,,資本主義,kapitalizm
212,,本格的,"powaga
poważny
prawdziwy"
213,,狂犬病,"szał
wścieklizna"
214,,配管工,hydraulik
215,,待ち受ける,"czekać
oczekiwać
oczekiwanie
spodziewać
wyglądać
zaczekać"
216,,正しい,"korygować
należytość
poprawiać
poprawny
prawidłowy
prawo
racja
skorygować
słuszność
słuszny
sprostować
właściwy"
217,,顕微鏡,mikroskop
218,1,かっこう,kukać
219,,軟らかい,"cichy
delikatny
łagodny
miękki"
220,,飲み込む,"rozumieć
zrozumieć"
221,,女性解放論,feminizm
222,,貧しい,"biedny
kiepski
ubogi"
223,,実入り,"plon
zbiór
żniwo"
224,,野蛮人,"barbarzyńca
barbarzyński
dziki
okrutny"
225,1,見せしめ,"lekcja
nauczka"
226,,カタツムリ,ślimak
227,,イタチ,łasica
228,1,イルカ,delfin
229,1,イワシ,sardynka
230,,演算子,operator
231,,芝居小屋,"teatr
teatralny"
232,,正当化,uzasadnienie
233,,始める,"rozpocząć
rozpoczynać
zaczynać
zapoczątkowywać"
234,,サボテン,kaktus
235,,腐植土,próchnica
236,,民主主義,demokracja
237,,図書館員,"bibliotekarka
bibliotekarz"
238,,演説家,"mówca
prelegent"
239,,締切り,"cel
końcówka
koniec
kres
zakończenie"
240,,閉ざす,"zamknąć
zamknięcie
zamykać"
241,,吸血鬼,"upiór
wampir"
242,1,天文学,astronomia
243,1,肖像画,portret
244,,仕上げる,"dokańczać
kończyć
skończyć
ukończyć"
245,,採石場,kamieniołom
246,,悪賢い,"chytry
przebiegły
sprytny
szczwany"
247,,ごきぶり,prusak
248,,黄色い,żółty
249,1,染色体,chromosom
250,1,乳濁液,emulsja
251,,鉱物学,mineralogia
252,,物質主義,materializm
253,,物質代謝,metabolizm
254,,併せて,wspólnie
255,1,貧血症,"anemia
niedokrwistość"
256,,縁組み,"małżeństwo
ślub
zamążpójście"
257,,面会人,"gość
odwiedzający
wizytator"
258,,救い出す,uratować
259,,荒荒しい,dziki
260,,放り出す,"odpalać
strzelać
wyrzucać
zwalniać"
261,,飛行場,"aeroport
lotnisko"
262,,飛行機,"aeroplan
samolot"
263,,てんとうむし,biedronka
264,,気管支炎,bronchit
265,,歯科医師,dentysta
266,1,ラベンダー,lawenda
267,,チョウザメ,jesiotr
268,,消える,"niknąć
zanikać
znikać"
269,,射落とす,"uzyskać
uzyskiwać
wygrywać
zarabiać
zyskać
zyskiwać"
270,,裁ち方,cięcie
271,,潜水夫,nurek
272,1,潜水艦,podwodny
273,,書誌学,bibliografia
274,,齧歯類,gryzoń
275,,ギニア,gwinea
276,,裁判所,"sąd
trybunał"
277,,裁判官,sędzia
278,,遺産相続,"dziedzictwo
dziedziczenie
spadek
spuścizna"
279,,合唱隊,chór
280,,再生利用,recykling
281,1,孫息子,"wnuczek
wnuk"
282,1,似せる,"kopiować
naśladować
powielać
przepisywać"
283,,網状組織,"siatka
sieć
sieciowy"
284,,巡洋艦,krążownik
285,,遇する,"częstować
gościć
kurować
leczyć
rozprawiać
traktować"
286,,共和国,"republika
rzeczpospolita"
287,,巡礼者,pątnik
288,,消極的,"bierny
pasywny"
289,,外回り,"obwód
okręg"
290,,外交官,dyplomata
291,,外国人,"cudzoziemiec
cudzoziemski
obcokrajowiec
obcy"
292,,ここに,"oto
tutaj"
293,,弾力性,sprężystość
294,,紫水晶,ametyst
295,,お手洗い,umywalnia
296,,経済学,"ekonomia
ekonomika
gospodarka"
297,,経済的,"ekonomiczny
gospodarczy
gospodarny
oszczędny"
298,1,身代金,okup
299,,細かい,"cienki
delikatny
drobny
miałki
piękny"
300,1,細やか,"obyczajny
skromny"
301,,代理業者,"ajent
czynnik
przedstawiciel"
302,,恙無い,"bezpieczny
pewny"
303,,会計学,"księgowość
rachunkowość"
304,,会計官,"buchalter
księgowy"
305,,屋根裏,"poddasze
strych"
306,,裁縫師,krawiec
307,,炭化水素,węglowodór
308,,一角獣,jednorożec
309,1,足し算,"dodatek
dodawanie"
310,1,消費者,"konsument
spożywca"
311,,一貫性,"konsystencja
spójność"
312,,外科学,chirurgia
313,,きつつき,dzięcioł
314,,消防士,strażak
315,,ピッチ,"dziegieć
smoła
smołować"
316,,コブラ,"kobra
okularnik"
317,1,位置付ける,"kłaść
położyć
pozować
sadowić
stawiać"
318,1,肥やし,"gnój
łajno
nawóz"
319,1,れいよう,antylopa
320,,マルハナバチ属,trzmiel
321,,同位元素,izotop
322,,候補者,kandydat
323,,木の葉,"kartka
liść
liście
lista
listek
listowie"
324,1,印刷者,drukarka
325,,美しい,"piękny
śliczny"
326,1,愛らしい,"śliczny
uroczy"
327,,上げる,"dźwigać
podnieść
podnosić
uchylać
wywyższać
wznosić
wznoszenie"
328,,従容たる,"cichy
spokój
spokojny"
329,,明らか,"pospolity
prosty
zrozumiały"
330,,明るい,jaskrawy
331,1,明るさ,jasność
332,1,段取り,"projekt
zamysł"
333,,心理学,psychologia
334,,洋々たる,"obszerny
szeroki"
335,,素気ない,"chłód
chłodny
oziębły
zimno
zimny"
336,1,試みる,"doświadczać
próbować
spróbować
usiłować
wypróbować"
337,,長方形,prostokąt
338,1,世捨て人,pustelnik
339,,自由主義,liberalizm
340,,楽観論,optymizm
341,1,微生物学,mikrobiologia
342,1,若々しい,młodzieńczy
343,,照らす,"oświecać
oświetlać
rozjaśniać
świecić"
344,,卒業証書,dyplom
345,,カリフラワー,kalafior
346,,馬鹿げた,głupi
347,,肥満した,"gruby
korpulentny
otyły
tęgi
tłusty"
348,,ゴキブリ,karaluch
349,,超現実主義,surrealizm
350,,おたまじゃくし,kijanka
351,1,所持者,właściciel
352,,虚しい,"bezowocny
błahy
czczy
daremny
nadaremny
płonny
próżnia
próżny
pustka
pusty
wolny"
353,,飯炊き,"kucharka
kucharz"
354,1,堆積物,osad
355,1,慈しみ,"kochać
lubić
miłość"
356,,組み合わせる,łączyć
357,,所番地,"adres
sprawność
zręczność"
358,,初心者,nowicjusz
359,,教える,"instruować
kształcić
nauczać
nauczyć
pouczać
uczyć"
360,,合わせる,"jednoczyć
łączyć
ujednolicać
unifikować
zjednoczyć"
361,,殺虫剤,pestycyd
362,1,自動的,automatyczny
363,,自動車,"samochód
wóz"
364,,片口鰯,sardela
365,,灯し火,"jasny
światło
widny"
366,,領収書,pokwitowanie
367,,領収証,"kwit
pokwitowanie"
368,,等しい,równy
369,,此の方,"od
odkąd"
370,,混合物,"mieszanina
mieszanka"
371,,混和物,"mieszanina
mieszanka"
372,,あし,"trzcina
trzcinowy"
373,,お札,banknot
374,,お玉,"jajko
jajo"
375,1,お金,pieniądz
376,1,かき,ostryga
377,1,けし,"mak
makowy"
378,,ごみ,"śmiecie
tandeta"
379,,せみ,cykada
380,,たら,"dorsz
wątłusz"
381,,なぞ,zagadka
382,1,にら,por
383,,ろう,wosk
384,,わし,orzeł
385,,わに,aligator
386,1,ばら,różowy
387,,ひる,pijawka
388,,ひひ,pawian
389,,アリ,mrówka
390,,ツタ,bluszcz
391,,ドル,dolar
392,,領事館,konsulat
393,,カバ,hipopotam
394,,キジ,bażant
395,,ノミ,pchła
396,1,クモ,pająk
397,,バラ,róża
398,,ゴマ,sezam
399,,サイ,nosorożec
400,1,サバ,makrela
401,1,マス,pstrąg
402,,タコ,ośmiornica
403,,ヤギ,"koza
kozioł"
404,,ヤク,jak
405,,ラバ,muł
406,,リス,wiewiórka
407,,ワニ,krokodyl
408,,虚栄心,"marność
próżność"
409,,混成物,"złożony
związek"
410,,抽象化,abstrakcja
411,,抽象的,"abstrakcyjny
abstrakt
niejasny
oderwany"
412,,フェンネル,koper
413,,自治権,"autonomia
niezależność
samorząd"
414,,自発的,"dobrowolny
ochotniczy
spontaniczny"
415,1,舐める,"kosztować
próbować
smakować"
416,1,電子工学,elektronika
417,,倉庫,"magazyn
remiza
skład
składnica
zajezdnia"
418,,個人,osobisty
419,,倒す,"pokonać
zwyciężać"
420,,値段,"cena
koszt
wyceniać"
421,,倫理,etyka
422,,偏見,uprzedzenie
423,1,停止,"przerwanie
przerywać"
424,,健康,zdrowie
425,1,人道主義,"humanitaryzm
humanizm"
426,,偽る,fałszować
427,1,偽善,"hipokryzja
obłuda
zakłamanie"
428,1,働く,"działać
funkcjonować
pracować
robić"
429,1,傲慢,"arogancja
wyniosłość"
430,,債務,dług
431,,傷害,"kontuzja
zranienie"
432,1,傷跡,"blizna
szrama"
433,,傾向,tendencja
434,1,傾斜,"nachylać
skłonność"
435,,儀式,"ceremonialny
obrządek
obrzęd
obrzędowy
ryt"
436,,僧院,klasztor
437,1,精神科,psychiatria
438,1,僻目,"przesąd
uprzedzenie"
439,,先例,precedens
440,,先生,"doktor
lekarz"
441,,先途,"śmierć
zgon"
442,,光学,"optyka
wzrokowy"
443,,光沢,"blichtr
połysk"
444,,優勝,mistrzostwo
445,,優性,władza
446,,免罪,"przebaczenie
wybaczenie"
447,,免許,"koncesja
pozwolenie"
448,1,入札,"oferta
podaż"
449,,円蓋,kopuła
450,,円錐,"stożek
szyszka"
451,,八つ,"ósemka
osiem"
452,,八十,"osiemdziesiąt
osiemdziesiątka"
453,,公司,"kompania
spółka
towarzystwo"
454,,公理,"aksjomat
pewnik"
455,,再現,"reprodukcja
rozród"
456,,再発,nawrót
457,,六十,"sześćdziesiąt
sześćdziesiątka"
458,,共に,"przy
z"
459,,共同,"kolaboracja
współpraca"
460,,共生,symbioza
461,1,冒険,"niebezpieczeństwo
przygoda
przygodowy
ryzyko"
462,1,兵士,"wojak
żołnierz"
463,,写真,"fotografia
zdjęcie"
464,,凄い,"cudowny
fantastyczny"
465,,冶金,"hutnictwo
metalurgia"
466,,凝集,"kohezja
spoistość"
467,,カ,"komar
moskit"
468,,個,"indywidualny
indywiduum
poszczególny"
469,,倍,"debel
dwoisty
podwójny
sobowtór
zdwojony"
470,1,傘,parasol
471,1,偽,falsyfikat
472,1,像,posąg
473,,儀,"przedmiot
rzecz
sprawa
temat"
474,,兎,zając
475,,内,w
476,1,六,"sześć
szóstka"
477,1,刀,miecz
478,1,分,"część
minuta
połać
składnik"
479,,列,"rząd
szereg"
480,1,利,"interes
korzyść
odsetki
oprocentowanie
zainteresowanie"
481,1,前,"przed
przedni
przedtem
zanim"
482,,力,"moc
mocarstwo
potęga
przemoc
siła
władza
wymusić"
483,,十,"dziesiątka
dziesięć
dziesięcioro"
484,,友,"kolega
kompan
kumpel
towarzysz
wspólnik
współtowarzysz"
485,,口,"buzia
paszcza
usta"
486,,味,"gust
smak"
487,,善,dobroć
488,1,喉,"gardło
gardziel"
489,,嘘,"FAŁSZ
kłamstwo"
490,1,七,"siedem
siódemka"
491,,上,"nad
powyżej"
492,,丘,"górka
pagórek
wzgórze"
493,,主,"gospodarz
majster
mistrz
nauczyciel
władca"
494,,井,studnia
495,,図,rycina
496,,人,osoba
497,1,坂,"nachylenie
pochylenie
pochyłość
skłonność
spadek
stok
zbocze"
498,1,令,"dekret
edykt
rozporządzenie
wyrok"
499,,会,"klub
klubowy"
500,,例,"obyczaj
przykład
wzór
zwyczaj"
501,,性,"płeć
rodzaj
seks"
502,1,便,"placówka
poczta
posada
posterunek
stanowisko"
503,,恥,"hańba
srom
sromota
wstyd"
504,,息,"dech
oddech
tchnienie"
505,,塔,"baszta
wieża"
506,,塩,sól
507,,悪,zło
508,,墓,"grób
grobowiec
mogiła"
509,,壁,"ściana
ścienny"
510,,壇,ambona
511,,愛,kochać
512,,夏,lato
513,1,夜,wieczór
514,,夢,"marzenie
marzyć
sen
śnić"
515,,懐,"biust
łono
pierś"
516,1,姪,"bratanica
dłoń
ręczny
ręka"
517,1,扨,teraz
518,,婿,zięć
519,,指,"palec
paluch"
520,1,子,dziecko
521,,宅,dom
522,,宝,cenić
523,1,富,bogactwo
524,1,害,"krzywda
zaszkodzić"
525,1,家,"dom
domowy
familia
rodzina"
526,,宿,"gospoda
karczma
oberża
schronisko
zajazd"
527,,寺,świątynia
528,1,尾,"ogon
ogonek"
529,,尿,mocz
530,,層,"legowisko
łóżko
pokład
warstwa"
531,1,山,"góra
górski"
532,,岩,"głaz
skała"
533,,岸,brzeg
534,,島,"wysepka
wyspa"
535,,文,zdanie
536,,嵐,"burza
nawałnica
sztorm
szturm"
537,,敵,"adwersarz
nieprzyjaciel
wróg"
538,,日,"doba
dzień
słońce"
539,,川,rzeka
540,1,州,prowincja
541,,布,"ścierka
sukno"
542,1,巣,"gniazdo
gnieździć
zagnieździć"
543,,帆,"ożaglowanie
żagiel
sprężyna
wiosna"
544,,巻,"książka
książkowy
księga
objętość
wolumen"
545,,幅,szerokość
546,,席,siedzenie
547,,暦,kalendarz
548,,底,"dno
spód"
549,,月,"księżyc
miesiąc"
550,,服,"odzież
ubranie"
551,,期,"czas
okres"
552,,弁,"wentyl
zastawka
zawór"
553,1,末,"przyszłość
przyszły"
554,,式,"ceremonia
ceremonialny
formuła
formułka
obrzęd
przepis
uroczystość
uroczysty
wzór"
555,,村,"wieś
wioska"
556,,机,biurko
557,,束,"kiść
pęk
snop"
558,,東,"wschód
wschodni"
559,,枕,poduszka
560,,枝,"gałąź
konar"
561,,板,"decha
deska"
562,,柏,"dąb
dębowy"
563,1,心,umysł
564,,柱,"filar
kolumna
łam
rubryka
słup
szpalta"
565,,栓,"czop
korek
korkować
szpunt
wtyczka
zakorkować
zatyczka"
566,1,柳,wierzba
567,,徴,"oznaka
znaczek
znak"
568,,栗,kasztan
569,,桃,brzoskwinia
570,,炎,płomień
571,,灰,"jesion
popiół"
572,,念,"druk
impresja
odbicie
odcisk
wrażenie"
573,,格,"klauzula
kondycja
przypadek
sprawa
stan
warunek
wypadek"
574,,梅,"śliwa
śliwka"
575,,烏,"kruk
wrona"
576,,点,"kropka
punkt"
577,,棚,"półka
regał"
578,,煙,"dym
dymić
kopcić"
579,,棺,trumna
580,,燐,fosfor
581,,熱,gorączka
582,,極,"szczyt
zenit"
583,,槌,"młot
młoteczek
młotek"
584,,槍,włócznia
585,,樋,"rynna
rynsztok
ściek
pazur
szpon"
586,,橋,"brydż
mostek
pomost"
587,,樺,brzoza
588,,樽,"antałek
baryłka
beczka
beczułka"
589,,櫓,wiosło
590,,櫛,czesać
591,,猫,kot
592,,猿,małpa
593,,獣,"bestia
zwierz"
594,,率,"stawka
taryfa"
595,1,欲,"chciwość
zachłanność"
596,,歯,"kieł
ząb"
597,1,死,"śmierć
zgon"
598,1,球,"gałka
kłębek
kula
kulka
motek
sfera"
599,,毒,zatruć
600,,比,stosunek
601,1,段,"schodek
stopień"
602,,毛,włosy
603,,水,woda
604,,氷,lód
605,,池,"basen
sadzawka
staw"
606,,泉,"zdrój
źródło"
607,,河,"rzeczny
rzeka"
608,1,甕,"dzban
dzbanek"
609,,油,"olej
olejek
olejny
oliwa"
610,,沼,"bagno
moczary"
611,,泡,"bąbel
bąbelek
bańka
pęcherz
pęcherzyk"
612,1,波,"fala
falisty
machać"
613,,泥,"błoto
bratanek
siostrzeniec
synowiec"
614,,用,"interes
posada
praca
robocizna
robota
zajęcie
zarobek
zatrudnienie"
615,,男,człowiek
616,,海,morze
617,,涙,"drzeć
obrywać
oderwać
rozedrzeć"
618,,癌,"nowotwór
rak"
619,,的,"cel
docelowy
obiektyw
obiektywny
rzeczowy
tarcza"
620,1,港,"portowy
przystań"
621,,湖,jezioro
622,,益,"korzyść
pożytek
wygrana
zarobek
zysk"
623,,皮,"futerko
futerkowy
futro
futrzany
kożuch
sierść
skóra"
624,,湾,zatoka
625,1,皿,"półmisek
talerz"
626,1,相,faza
627,,滝,wodospad
628,,盾,"osłona
tarcza"
629,,眼,"oczko
oko"
630,,潟,laguna
631,,砂,"piach
piasek"
632,,矢,"strzała
strzałka"
633,,石,"kamień
kłos
słuch
ucho
uszny"
634,,肉,"mięsny
mięso"
635,,肘,łokieć
636,,肝,wątróbka
637,,聾,głuchota
638,1,胃,żołądek
639,,肩,"bark
łopatka
pobocze
ramię"
640,,碗,"miseczka
miska"
641,1,肺,płuco
642,1,磐,"głaz
skała"
643,1,胴,tors
644,1,脚,"noga
udziec"
645,,能,"dar
darowizna
dotacja
fundacja"
646,1,腕,"odnoga
ramię
ręka"
647,,腱,ścięgno
648,,腹,"brzuch
podbrzusze
żołądek
żołądkowy"
649,,膜,"błona
membrana"
650,,膝,kolano
651,,腿,udo
652,,膣,pochwa
653,,膳,taca
654,1,秋,"jesień
przypadać"
655,1,舌,"jęzor
język
mowa
ozór
ozorek"
656,1,舟,"naczynie
okręt
statek"
657,,種,"gatunek
powód
przyczyna
racja
rodzaj
sposób"
658,,芝,darń
659,,芯,knot
660,,花,"kwiat
rozkwit
zakwitać"
661,,窓,"okienny
okno
witryna"
662,,茎,badyl
663,,窯,piec
664,1,竜,smok
665,,章,rozdział
666,1,草,"murawa
trawa"
667,1,端,"brzeg
margines
marża
obwódka
rąbek
skraj
szczyt
szczytowy
wierzchołek"
668,,茶,"herbata
herbatka
podwieczorek"
669,1,竹,bambus
670,,竿,"drążek
laska
pręt
różdżka
rózga"
671,,筋,"linia
mięsień
pochodzenie
ścięgno"
672,,策,polityka
673,,荷,"brzemię
ciężar
ładunek"
674,,節,"artykulacja
melodia
mina
powietrze
spoina
staw
styk
wygląd"
675,1,管,"dętka
rura
rurka
tubka"
676,1,箱,"pudełko
pudło
skrzynia"
677,,葉,listowie
678,,粉,"proch
proszek
puder
pył
zasypka"
679,1,蓋,"czapka
czepek
nakrywka
okładka
pokrywa
pokrywka
przykrywka
wieczko
wieko"
680,,粒,ziarno
681,,糞,kał
682,,約,"dookoła
naokoło
około
wokół
wokoło"
683,,糧,strawa
684,1,蔵,"magazyn
skład
składnica"
685,1,糸,"nawlekać
nić
nitka
przędza"
686,1,組,"gromada
kapela
krąg
seria
taśma
wstęga
zestaw
zgraja"
687,1,薊,oset
688,,蕾,"pączek
pąk"
689,1,藁,"słoma
słomka"
690,,薬,medycyna
691,,網,"siatka
sieć
sieciowy"
692,1,線,promień
693,,綿,"bawełna
bawełniany
wata"
694,,虎,tygrys
695,,虜,niewolnik
696,,蚊,"komar
moskit"
697,1,虹,tęcza
698,1,蜜,miód
699,,蛾,"ćma
mól"
700,,逆,"odwracać
odwrócić"
701,,羊,owca
702,,美,"piękno
piękność
uroda"
703,,罰,kara
704,,義,"słuszność
sprawiedliwość"
705,,週,tydzień
706,,道,"droga
szlak
szosa
trasa
ulica"
707,,蟹,krab
708,,羽,"piórko
pióro"
709,,血,krew
710,,術,"kunszt
sztuka"
711,,表,"lista
wykaz"
712,,袋,"torba
torebka
wór
woreczek
worek
workowy"
713,1,酢,ocet
714,,酸,kwas
715,,襟,"kołnierz
kołnierzyk
obroża"
716,,里,"wieś
wioska"
717,1,量,"ilość
masa
objętość
wielkość
wolumen"
718,,西,"zachód
zachodni"
719,,言,"spostrzeżenie
uwaga"
720,1,鉄,prasować
721,,銀,srebro
722,1,銃,karabin
723,,銅,"miedź
miedziak"
724,,詩,poemat
725,,話,"gadać
mówić
rozmawiać"
726,,語,"mowa
słowo
wyraz"
727,,鋤,pług
728,,説,teoria
729,,誰,"kto
który"
730,,誼,przyjaźń
731,,錫,cyna
732,,諺,przysłowie
733,,鎌,sierp
734,,鎖,"kajdany
łańcuch
łańcuszek"
735,1,鍼,igła
736,,鏡,"lusterko
lustro
lustrzany
zwierciadło"
737,,鐘,dzwon
738,,谷,dolina
739,,豚,"prosiak
świnia
wieprz"
740,1,象,słoń
741,,賊,złodziej
742,,門,"brama
bramka
wrota
zapora"
743,,間,"chwila
czas
izba
komnata
pokój
pokojowy
pora"
744,1,足,"noga
stopa
udko
udziec"
745,,陰,"cień
mrok"
746,,際,"boczek
bok
brzeg
kant
kraniec
krawędź
obrzeże
obwódka
rąbek
skraj
strona"
747,,雨,padać
748,,車,"koło
samochód
wóz"
749,,雪,śnieg
750,,軍,"armia
wojsko"
751,,躰,"ciałko
ciało
korpus
zdrowie"
752,1,雲,"chmura
obłok"
753,,雷,grzmieć
754,1,霜,"mróz
szron"
755,1,霧,mgła
756,1,露,rosa
757,1,軸,oś
758,,面,"maseczka
maska"
759,,革,"skóra
skórzany"
760,,輪,"kółko
koło
krąg
obrączka
obwód
okrąg
pierścień
pierścionek"
761,,鞍,"siodełko
siodło"
762,,韻,"rym
rymować
wierszyk"
763,,額,czoło
764,,頭,"głowa
głowica
główka
łeb
naczelnik
szef"
765,,風,"nawijać
wiatr"
766,,食,"posiłek
wyżywienie"
767,1,餌,przynęta
768,,首,"kołnierz
szyja
szyjka"
769,,香,kadzidło
770,1,駅,"posterunek
stacja
stanowisko"
771,1,馬,koń
772,,骨,"kość
kostny"
773,1,高,ilość
774,,髪,"sierść
włos
włosy"
775,1,魂,dusza
776,,魚,"łowić
ryba
rybny"
777,,鯉,karp
778,,鮭,łosoś
779,1,鯨,wieloryb
780,,鰕,homar
781,1,鳥,ptak
782,,鳩,gołąb
783,,鶉,przepiórka
784,1,鷹,sokół
785,1,鹿,"jeleń
rogacz"
786,1,麦,jęczmień
787,,分割,"dywizja
dział
dzielenie
dzielić
oddział
podział
przedział
rozbiór
sekcja"
788,,分析,analiza
789,,分離,"oddzielenie
oderwanie
odosobnienie
rozłąka
rozstanie
separacja"
790,,分類,klasyfikacja
791,,処女,dziewica
792,,処理,obchodzenie
793,1,切符,bilet
794,,凶漢,przestępca
795,,出口,"wyjście
wylot
wynik"
796,1,出版,publikacja
797,,出水,"potop
powódź"
798,,判官,sędzia
799,,別れ,pożegnanie
800,,利得,zyskiwać
801,,利点,"przewaga
zaleta"
802,,前兆,wróżba
803,,前史,prehistoria
804,1,前文,preambuła
805,,前部,"przedni
przód"
806,,到着,przylot
807,,制服,"jednolity
równomierny"
808,1,制御,"kontrolować
sterować"
809,,制限,"przedawnienie
restrykcja"
810,,刷る,"drukować
odciskać"
811,,剛毛,jeżyć
812,1,刺激,"bodziec
stymulacja"
813,,劇的,dramatyczny
814,1,副詞,przysłówek
815,,割り,"odsetek
procent"
816,,力学,mechanika
817,,勇壮,"dzielność
męstwo
odwaga
waleczność"
818,,勇烈,"animusz
dzielność
męstwo
odwaga
otucha
waleczność"
819,,勇気,"dzielność
męstwo
odwaga
waleczność"
820,,奨励金,"dotacja
subwencja
zasiłek"
821,,助け,pomoc
822,,労力,praca
823,,動作,czynność
824,,動物,"bestia
bydlak
zwierz
zwierzak
zwierzęcy"
825,1,動機,motywacja
826,,動脈,"arteria
tętnica"
827,1,動詞,"czasownik
słowo"
828,1,効果,"działanie
efekt
konsekwencja
następstwo
skutek
wniosek
wrażenie
wynik"
829,,効率,"efektywność
sprawność"
830,,勝利,"triumf
zwycięstwo"
831,,勝者,zwycięzca
832,,勢い,"moc
mocarstwo
pełnomocnictwo
potęga
siła
władza"
833,,包み,"paczka
pakiet
pakunek
pęk
przesyłka
tłumok
tobołek
wiązka
zawiniątko"
834,1,包囲,oblężenie
835,,包帯,bandaż
836,,勧告,"rekomendacja
zalecenie"
837,,化学,chemia
838,,化物,"duch
upiór
widmo
zjawa"
839,1,化石,"skamielina
skamieniałość
skamieniały"
840,,北部,"północ
północny"
841,,勾配,"brzeg
pochyłość
skłonność
spadek
stok
zbocze"
842,,十八,"osiemnaście
osiemnastka"
843,,十六,szesnaście
844,,十一,"jedenaście
jedenastka"
845,,十三,trzynaście
846,,十九,"dziewiętnaście
dziewiętnastka"
847,,十四,czternaście
848,1,十年,"dekada
dziesięciolecie"
849,1,午前,"poranek
przedpołudnie
ranek
ranny
rano"
850,,半島,półwysep
851,,半径,promień
852,,半球,półkula
853,,卑怯,tchórzostwo
854,,卑語,"gwara
żargon"
855,,協力,kooperacja
856,,協会,stowarzyszenie
857,,単車,motocykl
858,,区別,"dystynkcja
odróżnienie
rozróżnienie"
859,,区画,"blok
dywizja
dział
dzielenie
kloc
oddział
podział
przedział
przegródka
sekcja"
860,1,医学,"lekarstwo
medycyna"
861,,医師,lekarz
862,,印象,"impresja
wrażenie"
863,,危害,"boleć
krzywda
krzywdzić
szkodzić
szwank
zło
zranienie"
864,,危機,kryzys
865,1,危険,niebezpieczeństwo
866,1,危難,"niebezpieczeństwo
ryzyko"
867,,卵巣,jajnik
868,,厚さ,grubość
869,1,原因,"powodować
sprawiać"
870,,原稿,"manuskrypt
rękopis"
871,1,参加,uczestnictwo
872,1,及び,"i
oraz"
873,,反乱,"bunt
rebelia
rewolta"
874,1,反感,"awersja
niechęć
niesmak
obrzydzenie
odraza
wstręt"
875,1,反射,"odbicie
odblask
refleksja
zastanowienie"
876,,反対,"odwrotny
przeciwieństwo
przeciwległy
przeciwny
przeciwstawny"
877,1,反応,reakcja
878,1,反響,reakcja
879,,収差,aberracja
880,,収益,"dochód
korzyść
zysk"
881,,収穫,"urodzaj
żniwo"
882,,収縮,kurczenie
883,1,取捨,"dobór
wybór"
884,,受付,odbiór
885,,口蓋,podniebienie
886,,口論,pyskówka
887,,古い,"antyczny
antyk
dawny
starodawny
starożytny
stary
zabytkowy"
888,,合図,"sygnał
znak"
889,,合戦,"bitwa
kłótnia
walka"
890,,合金,"domieszka
metalowy"
891,1,同じ,sam
892,,同値,równość
893,,同勢,"kompania
towarzystwo"
894,,同化,"asymilacja
przyswajanie"
895,,同情,"litość
litować
politowanie"
896,1,同意,zgoda
897,,同盟,sojusz
898,,名代,"przedstawiciel
reprezentant"
899,1,名義,"nazwa
nazwisko"
900,,名詞,rzeczownik
901,,名誉,"cześć
honor
zaszczyt"
902,1,叮嚀,"opieka
troska"
903,,台座,piedestał
904,,叱責,upominać
905,,司教,biskup
906,,君主,monarcha
907,1,否定,"negacja
przeczenie"
908,,告発,oskarżenie
909,,告白,"spowiedź
wyznanie"
910,,含む,"obejmować
pojmować
rozumieć
włączać
zawierać
zrozumieć"
911,,含意,"implikacja
wmieszanie"
912,1,吸う,ssać
913,,吸収,"absorpcja
pochłanianie
wchłanianie"
914,,周囲,"okolica
otoczenie"
915,,周期,"cykl
obieg
okres"
916,,和合,"harmonia
zgoda
zgodność"
917,,和解,"pogodzenie
pojednanie"
918,1,呼吸,oddychanie
919,1,品質,jakość
920,,哲学,filozofia
921,,商品,towar
922,,商人,"handlarz
kupiec"
923,1,商業,"handel
handlować"
924,1,問い,"kwestia
kwestionować
pytać
pytanie
zagadnienie
zapytanie"
925,,問題,"problem
zagadnienie"
926,,唯一,"jedyny
odludny
odosobniony
osamotniony
samotny
tylko
wyłączny"
927,,唾液,ślina
928,,喉頭,krtań
929,,一つ,"jeden
jedno
jedyny
niejaki"
930,,一刻,"chwila
naglący
uparty"
931,,一代,"życie
żywot"
932,,一声,"krzyk
okrzyk
wezwanie
wołanie
wrzask
zawołanie
zew"
933,,一杯,"napój
trunek"
934,,一派,"partia
partyjny
stronnictwo"
935,,一致,"połączenie
unia
zjednoczenie
związek"
936,,七十,siedemdziesiąt
937,,丈夫,"mocny
pewny
silny
solidny
stały
trwały"
938,,三つ,"troje
trójka
trzej
trzy"
939,,下痢,"biegunka
rozwolnienie"
940,,不可,"kiepski
niedobry
niepoprawny
nieprawidłowy
opaczny
zło
zły"
941,,不妊,bezpłodność
942,,不安,"lęk
niepokój"
943,,不定,wątpliwość
944,,不況,recesja
945,,不満,niezadowolenie
946,,不運,pech
947,1,不貞,niewierność
948,,不足,"niedobór
niedostatek"
949,,世代,"generacja
pokolenie
rodzenie"
950,,世帯,gospodarstwo
951,1,世紀,"stulecie
wiek"
952,,噛む,"przeżuć
przeżuwać
żuć"
953,,中傷,kalumnia
954,,中古,"dawny
stary"
955,1,中庭,"dwór
dziedziniec
nadworny
podwórze
sąd"
956,1,乗手,"pasażer
pasażerski
podróżny"
957,1,乗物,"pojazd
wehikuł"
958,1,主権,suwerenność
959,1,主要,"główny
naczelny
pryncypał
zasadniczy"
960,,主辞,"motyw
podmiot
przedmiot
skłonny
temat"
961,1,九つ,"dziewiątka
dziewięć"
962,,九十,dziewięćdziesiąt
963,,乞い,błaganie
964,1,亀裂,"rozpadlina
szpara"
965,,予報,prognoza
966,1,予感,przeczucie
967,1,予測,przewidywanie
968,,予算,budżet
969,,争論,"dysputa
kłótnia
polemika
spór
sprzeczka
zatarg"
970,,事典,encyklopedia
971,,事実,fakt
972,,事故,wypadek
973,,二倍,"debel
dwoisty
dwojaki
dwukrotny
podwójny
sobowtór
zdwojony"
974,,乱す,"przeszkadzać
zakłócać"
975,1,乳房,"pierś
wymię"
976,,五月,"maj
majowy"
977,1,乳汁,"mleczny
mleko"
978,,乳糖,laktoza
979,,囚人,"jeniec
więzień"
980,,四つ,"cztery
czwórka"
981,,四十,"czterdzieści
czterdziestka"
982,,回す,"krążyć
kręcić
kwaśnieć
obracać
obrót
odwracać
przekręcać
przekręcić"
983,,回廊,korytarz
984,,回転,rotacja
985,,因子,"czynnik
mnożnik
współczynnik"
986,1,亡い,"martwy
nieboszczyk
wymarły
zmarły"
987,,亡霊,upiór
988,,交換,"podstawienie
substytucja
wymiana
wymieniać
wymienić
zamiana"
989,,亭主,gospodarz
990,,困難,trudność
991,,園芸,ogrodnictwo
992,,仕事,pracować
993,,人参,"marchew
marchewka"
994,,人形,lalka
995,,人格,osobowość
996,1,人達,ludzie
997,1,人質,zakładnik
998,,人間,"człowieczy
człowiek
ludzki
mężczyzna
osoba
śmiertelnik
śmiertelny"
999,,人類,"człowieczeństwo
humanitarność
ludzkość"
1000,,国会,parlament
1001,1,国家,"nacja
państwo
położenie
prowincja
stan"
1002,,国籍,"narodowość
obywatelstwo"
1003,,土地,"lądować
wylądować
wyładowywać"
1004,,土壌,"dno
gleba
ziemia"
1005,,企及,"próba
usiłowanie"
1006,,代理,"przedstawienie
reprezentacja
wyobrażenie"
1007,1,代表,reprezentatywny
1008,1,令聞,"renoma
sława"
1009,,以上,nad
1010,,以下,"poniżej
przy"
1011,,圧力,"ciśnienie
napór
presja"
1012,,圧縮,"kompresja
ściskanie
sprężanie
sprężenie"
1013,,仮定,założenie
1014,,仮説,hipoteza
1015,,休み,"ferie
urlop
wakacje"
1016,,地図,mapa
1017,1,地域,region
1018,1,坑夫,górnik
1019,,休戦,"rozejm
zawieszenie"
1020,,地帯,"płaszczyzna
powierzchnia
przestrzeń
rejon
strefa"
1021,,地獄,piekło
1022,,地理,geografia
1023,,地衣,"liszaj
porosty"
1024,,地震,wstrząs
1025,1,仲間,wspólnik
1026,,会う,"napotykać
spotkać
spotkanie
spotykać"
1027,,会社,"kompania
spółka"
1028,,会衆,kongregacja
1029,,会計,"faktura
rachunek"
1030,,会話,"konwersacja
rozmowa"
1031,,会議,"konferencja
narada
posiedzenie
spotkanie
wiec
zebranie
zjazd"
1032,1,伝記,biografia
1033,,位置,"posada
stanowisko"
1034,1,低い,"cichy
dolny
niski
nisko
podły"
1035,,低木,krzew
1036,1,住人,mieszkaniec
1037,,住居,"dom
domowy
mieszkanie
rezydencja
zamieszkanie
zamieszkiwanie"
1038,1,伯爵,hrabia
1039,,体制,"ład
porządek
rozkaz
układ
zakon
zlecenie"
1040,1,何も,"nic
zerowy"
1041,,何事,"co
cóż"
1042,,作家,pisarz
1043,1,例外,wyjątek
1044,,埋葬,"pochówek
pogrzeb
pogrzebanie"
1045,,城郭,"gród
zamek"
1046,,怒気,"gniew
złość"
1047,1,怖い,bojaźliwy
1048,,供給,zaopatrzenie
1049,,思う,"mniemać
myśleć
pomyśleć"
1050,,使う,"korzyść
korzystać
spożytkować
stosować
użytkować
użytkowanie
używać
wykorzystywać
zastosować"
1051,,使命,"misja
posłannictwo
zlecenie"
1052,,怠惰,"lenistwo
nieróbstwo
próżniactwo
próżnowanie"
1053,1,怠慢,"zaniedbać
zaniedbywać"
1054,,使用,"użycie
użytek
użytkowanie
zastosowanie
zwyczaj"
1055,,価格,cena
1056,,価額,"całość
ilość
kwota
suma"
1057,,怪物,"monstrum
potwór"
1058,,恐喝,"szantaż
wymuszenie"
1059,,恐怖,"bać
bojaźń
obawa
strach"
1060,,恐龍,dinozaur
1061,,侵入,wtargnięcie
1062,1,侵略,"agresja
inwazja
najazd"
1063,,基準,kryterium
1064,,基盤,"fundacja
fundament"
1065,,保つ,"konserwować
utrzymać
utrzymywać"
1066,,保証,"gwarantować
poręczenie
poręka
ręczyć
rękojmia
zagwarantować"
1067,,保護,ochrona
1068,,保険,ubezpieczenie
1069,,信念,"wiara
zaufanie"
1070,,信頼,ufać
1071,,恩恵,"gracja
łaska
wdzięk
życzliwość"
1072,,恩給,"emerytura
renta"
1073,1,堪忍,cierpliwość
1074,,修復,"naprawa
naprawiać
remont
reperacja"
1075,,修正,sprostowanie
1076,,修飾,ozdoba
1077,,恰度,"akurat
dokładnie"
1078,,報酬,"nagradzać
pensja
płaca
wynagradzać
zapłata"
1079,,俳優,aktor
1080,1,場所,"lokacja
lokalizacja
miejsce
plac
położenie"
1081,,場面,"awantura
scena
sceneria"
1082,,境目,"granica
graniczny
rubież"
1083,,情景,"widok
wzrok"
1084,1,情熱,"namiętność
pasja"
1085,,悪い,"kiepski
niedobry
zło
zły"
1086,,悪党,"kanalia
łajdak
szelma
urwis"
1087,1,悪意,złośliwość
1088,,悪魔,"czart
diabeł
szatan"
1089,,墓地,cmentarz
1090,,悲歌,elegia
1091,,悲鳴,piszczeć
1092,,塵芥,"gruz
śmiecie"
1093,,増加,"przyrost
wzrost
zwiększenie"
1094,,悼む,"lamentować
opłakiwać"
1095,,惨澹,"okropny
straszliwy
straszny"
1096,1,意図,"intencja
zamiar
zamierzenie"
1097,,意志,wola
1098,1,意識,"przytomność
świadomość"
1099,,想う,"myśleć
pomyśleć
rozważać
sądzić
uważać
zastanawiać"
1100,,墳墓,"grób
grobowiec
mogiła
nagrobek"
1101,,愛人,kochanek
1102,,愛液,"nasienie
sperma"
1103,,感情,sentyment
1104,,感染,"infekcja
zakażenie
zaraza
zarażenie"
1105,,感知,"percepcja
postrzeganie"
1106,1,感覚,"poczucie
uczucie
zmysł
znaczenie"
1107,1,変動,fluktuacja
1108,,変化,"modyfikacja
odmiana
przemiana
przesiadka
wymiana
zmiana"
1109,,変態,metamorfoza
1110,,変換,"konwersja
nawrócenie
przebudowa
przekształcenie
przemiana
transformacja"
1111,1,変更,"modyfikacja
zmiana"
1112,,態度,postawa
1113,,売る,"zawieść
zdradzać"
1114,,売買,"handel
handlować"
1115,1,夕食,"kolacja
obiad"
1116,,外交,dyplomacja
1117,,外観,"pojawienie
prezencja
wygląd
zjawienie"
1118,1,多妻,"poligamia
wielożeństwo"
1119,,夜食,"kolacja
wieczerza"
1120,,慣性,"bezwład
bezwładność
inercja"
1121,,奇妙,"ciekawy
osobliwy"
1122,,奇跡,cud
1123,,奇蹟,cudo
1124,,大地,"kraina
kraj
ląd
lądowy
podłoże
podstawa
powód
racja
rozsądek
rozum
świat
uzasadnienie
uziemienie
ziemia"
1125,1,大佐,pułkownik
1126,,大使,"ambasador
poseł"
1127,,大学,"uniwersytecki
uniwersytet"
1128,,大工,"cieśla
stolarz"
1129,,大気,"atmosfera
nastrój"
1130,1,大筒,"armata
działko
działo"
1131,1,大陸,"kontynent
ląd
wstrzemięźliwy"
1132,1,天井,"pułap
sufit"
1133,1,天国,"niebiosa
niebo
raj"
1134,,天使,anioł
1135,,天堂,"niebo
raj"
1136,,天才,geniusz
1137,1,天涯,"horyzont
widnokrąg"
1138,,天職,"kariera
powołanie
zawód"
1139,1,天頂,zenit
1140,,太い,"gęsty
gruby"
1141,,憎む,nienawidzić
1142,,憎悪,nienawiść
1143,,慰め,"osłoda
pociecha
pocieszenie"
1144,,契る,"obiecanka
obiecywać
obietnica
przyrzekać"
1145,,契約,"kontrakt
umowa"
1146,1,失態,"hańba
niełaska
srom
wstyd"
1147,,失敗,"awaria
niepowodzenie
niewydolność
uchybienie"
1148,1,失望,rozczarowanie
1149,,失職,bezrobocie
1150,,妊娠,ciąża
1151,,懐胎,ciąża
1152,,憲法,"budowa
konstytucja
skład
ustanowienie
ustawa"
1153,,女性,niewiasta
1154,1,好む,lubić
1155,,妥協,"kompromitować
skompromitować"
1156,,成功,"powodzenie
sukces"
1157,,我が,"mój
nasz"
1158,1,懲戒,"nagana
reprymenda"
1159,,懸念,troska
1160,,所持,posiadanie
1161,1,所得,"dochód
przychód"
1162,1,威勢,"moc
mocarstwo
potęga
potencja
siła
władza"
1163,1,威名,prestiż
1164,,扁桃,"migdał
migdałek
migdałowy"
1165,,戦い,"walczyć
zwalczać"
1166,,戦争,"wojna
wojować"
1167,1,戦士,wojownik
1168,1,姦通,cudzołóstwo
1169,,戦闘,"bitwa
bój
kłótnia
walka"
1170,,戦隊,eskadra
1171,,手紙,pismo
1172,,手袋,"rękawica
rękawiczka"
1173,,才能,talent
1174,,打撃,"cios
rzut
uderzenie"
1175,,払底,"brak
deficyt
niedobór"
1176,,戸棚,"szafa
szafka"
1177,,戻る,"wracać
wrócić"
1178,,技術,"technika
technologia"
1179,,房事,"płeć
seks"
1180,,抄本,"ekstrakt
urywek
wyciąg
wyjątek
wypis"
1181,,抑圧,ucisk
1182,,扱う,"częstować
gościć
kurować
leczyć
rozprawiać
traktować"
1183,1,投影,rzut
1184,,投機,spekulacja
1185,,投票,głosować
1186,,投資,"inwestowanie
inwestycja
lokata
wkład"
1187,,批判,"krytycyzm
krytyka"
1188,,婚姻,"małżeństwo
ślub
zamążpójście"
1189,,承認,"aprobata
zatwierdzenie"
1190,1,拍手,"aplauz
oklaski"
1191,,拒否,"odmowa
weto
zaprzeczenie"
1192,,抱擁,"uścisk
uściskać"
1193,,抵抗,"opór
rezystancja"
1194,,抵当,hipoteka
1195,1,押し,"ciśnienie
nacisk
napór
presja
ucisk"
1196,1,押す,"nałożyć
pchać
popychać"
1197,,抽斗,szuflada
1198,,持つ,"jeść
mieć
miewać
posiadać"
1199,,拡大,rozszerzanie
1200,,拡張,"ekspansja
prolongata
przedłużacz
przedłużenie
rozszerzenie"
1201,,嫉妬,zazdrość
1202,,嫌い,nienawidzić
1203,,嫌悪,"niechęć
nienawiść
odraza
wstręt"
1204,1,挑発,prowokacja
1205,,拷問,"katować
męczarnia
męczyć
męka
tortura
torturować"
1206,1,振動,"drganie
wibracja"
1207,,振子,wahadło
1208,,優れた,"celujący
doskonały
świetny
wyborny
znakomity"
1209,,挿入,"wkładanie
wkładka
wstawka"
1210,,捨象,abstrakcja
1211,,子供,"dzieciak
dziecko
młodzieniec
smyk"
1212,1,子孫,"potomek
potomstwo"
1213,,子宮,"łono
macica"
1214,1,子犬,szczeniak
1215,,子音,spółgłoska
1216,,存在,"byt
egzystencja
istnienie"
1217,,掛け,"kredyt
zaufanie"
1218,,採鉱,górnictwo
1219,1,揃い,"jednolity
jednorodny
jednostajny
mundur
mundurek
równomierny"
1220,,孤独,"osamotnienie
samotność"
1221,,学ぶ,nauczyć
1222,,宇宙,"świat
światowy
wszechświat"
1223,,控除,"dedukcja
odliczenie
potrącenie"
1224,,推力,pchnięcie
1225,1,安楽,"komfort
pociecha
wygoda"
1226,,推論,"dedukcja
odliczenie
potrącenie
wniosek
wnioskowanie
wywód"
1227,,描写,"opis
rysopis"
1228,,提供,"oferować
oferta
ofiarować"
1229,,提案,"namowa
sugestia"
1230,1,提督,admirał
1231,,宗教,religia
1232,1,宗派,sekta
1233,,定理,teoremat
1234,1,換気,"przewietrzanie
przewietrzenie
wentylacja"
1235,1,宝玉,klejnot
1236,1,宝石,"biżuteria
klejnot"
1237,,実体,istota
1238,,実験,eksperyment
1239,,握り,"klamka
rączka
ucho
uchwyt"
1240,,寄付,darowizna
1241,,宣伝,propagandowy
1242,,宣言,"anons
deklaracja
obwieszczenie
odezwa
ogłoszenie
oznajmienie
proklamacja
zapowiedź
zawiadomienie"
1243,1,宣誓,przysięga
1244,,寄贈,datek
1245,,密度,"gęstość
zwartość"
1246,,富裕,bogactwo
1247,1,宮殿,pałac
1248,,宴会,bankiet
1249,1,自転車,rower
1250,1,家具,"meble
umeblowanie"
1251,1,家屋,dom
1252,,家族,"familia
rodzina"
1253,,家来,"posługacz
sługa
służący"
1254,,家畜,bydło
1255,,家賃,"czynsz
dzierżawa
komorne
najem"
1256,,封筒,"koperta
powłoka"
1257,,専制,tyrania
1258,,射精,"ejakulacja
wytrysk"
1259,,寧ろ,lepszy
1260,,尊厳,"dostojeństwo
godność"
1261,,審理,"badanie
próba"
1262,,尊重,"poszanowanie
poważanie
respekt
respektować
szacunek
szanować
uszanować
uszanowanie"
1263,,導く,"kierować
prowadzić
przewodzić
wieść
wodzić"
1264,,導入,wprowadzenie
1265,1,小便,"mocz
sikać
siusiać
woda"
1266,,小屋,"buda
chałupa
chata"
1267,,小川,"potok
ruczaj
strumień
strumyk"
1268,,小枝,gałązka
1269,1,小牛,"cielak
cielęcy"
1270,,小石,kamyk
1271,1,小羊,"baranek
jagnięcy
owieczka"
1272,,小銃,"fuzja
gwintować
karabin
rusznica
strzelba"
1273,,小説,powieść
1274,,少女,dziewica
1275,,少数,"mniejszość
niepełnoletność"
1276,,石灰石,"wapień
wapienny"
1277,,搾取,wyzysk
1278,1,対数,logarytm
1279,,対話,"dialog
rozmowa"
1280,,対顔,zebranie
1281,1,屈辱,"poniżenie
upokorzenie"
1282,,摩擦,"tarcie
wcieranie"
1283,,屋根,dach
1284,,屍体,"padlina
trup
zwłoki"
1285,1,属性,"atrybut
cecha
przydawka
przymiot
właściwość"
1286,,尾部,"koniec
ogon
ogonek"
1287,1,屠所,"jatka
rzeź
rzeźnia"
1288,,操作,operacja
1289,,山猫,ryś
1290,,山雀,"sikora
sikorka"
1291,,撲滅,wytępienie
1292,,岩石,"głaz
kamień
skała"
1293,,崇拝,"czcić
uwielbiać
uwielbienie"
1294,1,支出,"nakład
rozchód
wydatek"
1295,1,支配,"administracja
adres
dyrekcja
kierowanie
kierownictwo
kierunek
prowadzenie
reżyseria
zarząd
zarządzanie"
1296,1,救済,"odsiecz
płaskorzeźba
ulga"
1297,,教会,kościół
1298,,教授,profesor
1299,1,教官,"belfer
nauczyciel"
1300,,教育,"edukacja
instrukcja
nauczanie
nauka
oświata
pouczenie
rozkaz
szkolenie
szkolnictwo
uczenie
wychowanie
wykształcenie"
1301,,教義,"doktryna
filozofia"
1302,,改善,"polepszenie
poprawa
ulepszenie"
1303,1,改変,"inwencja
wymysł
wynalazek
wynalezienie"
1304,,改正,poprawka
1305,1,改革,reformować
1306,,攻城,oblężenie
1307,,攻撃,"atakować
napad"
1308,,放る,"miotać
rzucać
rzut
zrzucać"
1309,,放棄,"wyrzeczenie
zrzeczenie"
1310,,政府,rząd
1311,,政治,polityka
1312,1,政道,polityka
1313,1,散文,proza
1314,,文化,kultura
1315,,文学,"literatura
piśmiennictwo"
1316,,文明,"cywilizacja
kultura
uprawa"
1317,,文法,gramatyka
1318,,文章,zdanie
1319,,崩壊,"rozpadać
runąć
zapaść"
1320,1,敬う,"honorować
poważać
szanować"
1321,,数字,"cyfra
cyfrowy
liczba
liczbowy
liczebnik"
1322,,数学,matematyka
1323,,敵意,wrogość
1324,1,敵対,"antagonizm
przeciwieństwo"
1325,,敷居,próg
1326,,料理,kucharstwo
1327,,料簡,cel
1328,,斜視,zezować
1329,,斜面,"nachylenie
pochylenie"
1330,,旅券,"paszport
paszportowy"
1331,1,旅行,"podróż
wyjazd"
1332,,旅路,"jazda
podróż"
1333,,嵩む,"narastać
wzrastać
zwiększać"
1334,,旋盤,tokarka
1335,1,新聞,gazeta
1336,,旗幟,"bandera
chorągiew
flaga
sztandar"
1337,,方向,kierunek
1338,,方言,"dialekt
gwara
narzecze"
1339,,施物,jałmużna
1340,,施設,"firma
przedsiębiorstwo
ustanowienie
zakład
założenie"
1341,,昆虫,"insekt
owad"
1342,1,日記,pamiętnik
1343,,日誌,"czasopismo
dziennik
pamiętnik
żurnal"
1344,,明日,jutro
1345,1,明朗,"jaskrawy
jasno
jasny
klarowny
pogodny
radosny
światły
wesoły
wyraźny
zrozumiały"
1346,,星印,"asterysk
gwiazda
gwiazdka
gwiezdny
odsyłacz"
1347,,星座,"gwiazdozbiór
konstelacja"
1348,,映画,"błona
filmowy"
1349,,時分,godzina
1350,,時代,"czas
epoka
era
okres"
1351,,市民,obywatel
1352,,時節,"okazja
sposobność"
1353,1,時計,"czuwać
obserwować
oglądać
patrzyć
pilnować
zegar
zegarek"
1354,,時間,"czas
godzina
okres
pora
termin"
1355,1,工場,"fabryka
zakład"
1356,,左側,"lewica
lewy"
1357,1,昨日,wczoraj
1358,,希望,"chcieć
zechcieć
życzyć"
1359,,差別,dyskryminacja
1360,,差配,"agencja
agentura
ajencja"
1361,,巻く,"nawijać
tarzać
toczyć
zawijać"
1362,1,帝国,"cesarstwo
imperium
panowanie"
1363,1,昼餉,obiad
1364,,晩飯,"kolacja
obiad"
1365,,景色,"krajobraz
pejzaż"
1366,,暑さ,"ciepło
gorąco
skwar
upał
żar"
1367,,暖炉,kominek
1368,,暗い,"ciemny
mroczny"
1369,,帽子,kapelusz
1370,,広告,"ogłoszenie
reklama"
1371,,広場,"miejsce
miejscowość
plac
rynek"
1372,,暮れ,zachód
1373,1,暮夜,noc
1374,,序文,przedmowa
1375,,暮方,wieczór
1376,,序曲,uwertura
1377,,干渉,ingerencja
1378,,干草,siano
1379,,平和,spokój
1380,,平均,"przeciętny
średni
średnia"
1381,,平野,równina
1382,,平静,pogoda
1383,1,暴力,"gwałtowność
przemoc"
1384,,暴動,"insurekcja
rebelia
rewolta"
1385,,暴君,tyran
1386,,年代,"czas
epoka
okres
starość
wiek"
1387,1,暴政,tyrania
1388,1,年金,"emerytura
renta"
1389,,暴風,"burza
nawałnica
sztorm
szturm
zawierucha"
1390,,年齢,epoka
1391,1,幸福,"szczęście
szczęśliwość"
1392,,幼虫,larwa
1393,,最初,początek
1394,,最前,najpierw
1395,,度度,"często
częstokroć"
1396,,座る,"obradować
siadać
siąść
siedzieć
zasiadać"
1397,,座席,"miejsce
miejscowość
plac
siedzenie"
1398,,有効,ważność
1399,,廊下,korytarz
1400,,服従,posłuszeństwo
1401,,庭園,"ogród
ogródek"
1402,,曰く,"miniony
przeszłość
przeszły"
1403,1,曲率,"krzywizna
wygięcie
zagięcie"
1404,,更に,"znów
znowu"
1405,1,更新,odnowienie
1406,,書生,uczeń
1407,,書道,kaligrafia
1408,,弁士,"krasomówca
mówca"
1409,,木工,"cieśla
stolarz"
1410,1,木本,drzewo
1411,,木材,"budulec
drewniany
drewno
drzewny
drzewo
leśny"
1412,,木琴,ksylofon
1413,,末派,sekta
1414,,本の,"dopiero
jedynie
tylko
zaledwie"
1415,1,本屋,księgarnia
1416,1,本日,"dziś
dzisiaj"
1417,,本能,instynkt
1418,,本質,esencja
1419,1,材木,"budulec
drewno
drzewo"
1420,1,村落,"kolonia
osada
osiedle"
1421,,引力,"ciężar
ciężkość
grawitacja"
1422,1,建物,budynek
1423,,建造,"budowa
budowla
budownictwo
budynek
gmach"
1424,,条例,"nakaz
regulamin
rozporządzenie
zarządzenie"
1425,,条文,tekst
1426,,条約,"pakt
traktat
układ
umowa"
1427,,来る,"nadchodzić
przybyć
przybywać
przyjechać
przyjeżdżać
przyjść"
1428,,弱い,"bolesny
czuły
delikatność
delikatny
drażliwy
kruchy
łamliwy
misterny
słaby
uczuciowy
wątły
wrażliwy
zmysłowy"
1429,1,弱点,"osłabienie
słabość"
1430,,強い,"intensywny
mocny
potężny
silny"
1431,1,強制,przymus
1432,,強姦,"gwałcić
gwałt
pogwałcenie
zgwałcenie
zgwałcić"
1433,,強度,"intensywność
natężenie
wytrzymałość"
1434,,強調,"akcent
nacisk
podkreślenie
przycisk"
1435,,果物,owoc
1436,1,形式,formalność
1437,,形状,kształt
1438,,形骸,ruina
1439,,待つ,"czekać
oczekiwać
oczekiwanie
zaczekać"
1440,1,彫刻,"rzeźba
rzeźbiarstwo
rzeźbić"
1441,1,後世,potomność
1442,,後悔,"pokuta
skrucha"
1443,,後退,cofać
1444,,従う,"iść
nastąpić
następować
śledzić"
1445,,従容,"cichy
cisza
opanowanie
spokój
spokojny"
1446,,従属,subordynacja
1447,1,得る,dostać
1448,,架空,"fikcja
urojenie
wymysł"
1449,,役職,"placówka
poczta
posada
posterunek
stacja
stanowisko"
1450,,彼奴,ona
1451,1,心配,martwić
1452,,栄養,"odżywianie
żywienie"
1453,,復讐,"mścić
odwet
pomścić
zemścić
zemsta"
1454,,循環,krążenie
1455,1,灌木,"busz
krzak
krzew"
1456,,灌漑,"irygacja
nawadnianie
nawodnienie"
1457,1,地平線,"horyzont
widnokrąg"
1458,,徴候,"objaw
oznaka
przejaw"
1459,,査証,wiza
1460,,案内,informacja
1461,,株主,"akcjonariusz
udziałowiec"
1462,1,快い,"miły
przyjemny"
1463,,火山,wulkan
1464,,火災,"flama
ogień
płomień
pożar
przeciwpożarowy"
1465,1,灯台,"boja
pława"
1466,,灯油,nafta
1467,,灯籠,latarnia
1468,,灰分,popiół
1469,,灰皿,popielniczka
1470,,根幹,jądro
1471,1,根本,"baza
nasada
podstawa"
1472,,根源,"geneza
korzeń
pochodzenie
początek
rodowód
źródło
źródłowy"
1473,,格別,"osobliwy
poszczególny
prywatny
specjalny
szczególny"
1474,,災害,"katastrofa
klęska"
1475,,災難,"kataklizm
katastrofa
klęska
nieszczęście"
1476,1,梁木,"belka
dźwigar
legar"
1477,1,烈烈,"dziki
okrutny"
1478,,烈風,"sztorm
zawierucha"
1479,,棍棒,"maczuga
pałka"
1480,,無知,"ciemnota
ignorancja
niewiedza
nieznajomość"
1481,,無罪,"naiwność
niewinność"
1482,,無難,"bezpieczeństwo
pewność"
1483,,椅子,krzesło
1484,1,煉獄,czyściec
1485,1,植物,"flora
roślina
sadzonka"
1486,1,植生,"roślinność
wegetacja"
1487,,森林,"bór
budulec
drewniany
drewno
drzewny
drzewo
leśny"
1488,1,煙突,komin
1489,1,煙道,komin
1490,,検査,inspekcja
1491,,検疫,kwarantanna
1492,1,検閲,cenzura
1493,1,焼く,wypiekać
1494,1,照合,"porównanie
zestawienie"
1495,,照明,"iluminacja
oświetlenie"
1496,,煮る,"czyrak
gotować
kipieć
wrzeć
zagotować"
1497,,熔岩,lawa
1498,1,楕円,owal
1499,,燃焼,spalanie
1500,,業者,"kupiec
kupiecki
sprzedawca"
1501,,熱意,"entuzjazm
gorliwość
zapał"
1502,,熱発,"febra
gorączka"
1503,1,楽園,raj
1504,,楽隊,orkiestra
1505,1,爆弾,bomba
1506,,爆発,"detonacja
eksplozja
huk
wybuch"
1507,,構造,"budowa
budowanie
budowla
budownictwo
konstrukcja
struktura"
1508,,標本,"próba
próbka
wzór"
1509,,標準,norma
1510,,牛肉,wołowina
1511,,牝馬,"klacz
kobyła"
1512,1,模倣,"imitacja
naśladowanie
naśladownictwo"
1513,,牡牛,wół
1514,,牡羊,"baran
taran
tryk"
1515,,牢屋,więzienie
1516,,牧師,"duchowny
pleban
proboszcz
wikariusz
wikary"
1517,,権利,"prawo
racja
słuszność"
1518,,物体,"dopełnienie
obiekt
przedmiot
rzecz"
1519,,権能,"autorytet
władza"
1520,,物語,"narracja
opowiadanie
opowieść
powiastka"
1521,,物質,"materia
materiał
substancja
tworzywo"
1522,1,横幅,szerokość
1523,,特に,szczególnie
1524,,樹幹,"kadłub
pień
tułów"
1525,,特権,"prerogatywa
przywilej"
1526,,樹脂,żywica
1527,,特許,patent
1528,1,機会,"możliwość
możność
okazja
sposobność"
1529,,機宜,"okazja
sposobność"
1530,,機械,"machina
maszyna
maszynka"
1531,1,機関,narząd
1532,1,犠牲,poświęcać
1533,,狂気,"obłąkanie
szał
szaleństwo
wariactwo"
1534,1,檄文,odezwa
1535,,犯罪,"przestępczość
przestępstwo
zbrodnia"
1536,,状態,stan
1537,1,狩猟,"łowiectwo
myślistwo
polowanie"
1538,,独占,monopol
1539,,狭い,"ciasny
wąski"
1540,,猫車,"taczka
taczki
wózek"
1541,,献立,jadłospis
1542,1,献身,oddanie
1543,,欠乏,"brak
brakować
niedobór"
1544,1,欠片,"kawałek
odłamek
ułamek
urywek"
1545,,玄冬,zima
1546,,獣医,"weterynaryjny
weterynarz"
1547,,王冠,"korona
wieniec"
1548,,王女,"królewna
księżna
księżniczka"
1549,,王子,królewicz
1550,,王政,monarchia
1551,,王座,tron
1552,,王朝,dynastia
1553,,歌手,"pieśniarz
piosenkarz
śpiewak"
1554,1,歌謡,ballada
1555,,非常に,bardzo
1556,,非常時,kryzys
1557,,欲望,"apetyt
żądza"
1558,,欲求,"chęć
pożądanie
pragnienie
żądza
życzenie"
1559,,欺瞞,oszustwo
1560,,正午,południe
1561,,武器,"broń
oręż"
1562,,武者,"wojak
wojownik"
1563,,歩む,"chodzić
iść
kroczyć
przechodzić"
1564,,歩兵,piechota
1565,,歩道,"bruk
chodnik"
1566,,残り,reszta
1567,,歪み,zniekształcenie
1568,,残念,żal
1569,,珍味,"delikatność
przysmak
specjał"
1570,1,歯茎,dziąsło
1571,,歯車,przekładnia
1572,1,歳次,rok
1573,,歴史,"dzieje
historia"
1574,1,死体,"padlina
trup"
1575,,球体,"globus
kula
orbita
sfera
zakres"
1576,1,球戯,bilard
1577,,球茎,cebula
1578,1,理想,"ideał
idealny"
1579,,理法,"prawo
ustawa"
1580,1,理解,"rozumienie
wyrozumiałość
zrozumienie"
1581,,理論,teoria
1582,,母親,"macierz
matka"
1583,,母音,samogłoska
1584,,毒薬,"jad
trucizna
trutka"
1585,,比較,porównanie
1586,1,段平,miecz
1587,,段落,"akapit
paragraf
ustęp"
1588,,段階,faza
1589,,殺す,"zabijać
zamordować"
1590,1,殺人,"mord
morderstwo"
1591,1,殺戮,"masakra
rzeź"
1592,1,毛布,"koc
koperta
nakrycie
okładka
osłona
pokrycie
pokrywa
przykrycie
przykrywka"
1593,1,毛皮,"futerko
futro"
1594,,毛虫,gąsienica
1595,,現象,"fenomen
zjawisko"
1596,,殿舎,pałac
1597,,琥珀,bursztyn
1598,1,民族,"nacja
naród"
1599,,民衆,lud
1600,,瑕疵,"plama
skaza"
1601,,気性,temperament
1602,,気球,"balon
balonik"
1603,,気色,"charakter
humor
nastrój
usposobienie"
1604,,気絶,"mdleć
zasłabnąć
zemdleć"
1605,1,気風,"charakter
litera"
1606,,水準,"poziom
stopień
szczebel"
1607,,水素,wodór
1608,,水銀,rtęć
1609,,氷河,lodowiec
1610,,汚い,"brudny
niechlujny
nieczysty
plugawy
sprośny"
1611,,汚す,"hańba
srom
wstyd"
1612,,汚れ,brud
1613,,汚染,"skażenie
zanieczyszczenie"
1614,,汚点,"kleks
mazać
piętno
plama
skaza"
1615,1,汚物,"błoto
brud
plugastwo"
1616,,沈黙,uciszyć
1617,,環境,środowisko
1618,,環礁,atol
1619,,決意,"decyzja
determinacja
postanowienie
rozstrzygnięcie
stanowczość
uchwała
zdecydowanie"
1620,,決定,decyzja
1621,,瓦斯,gazowy
1622,,瓦礫,"gruz
rumowisko
szczątki"
1623,,法制,prawodawstwo
1624,,法人,korporacja
1625,1,甘い,"pobłażliwy
wyrozumiały"
1626,,沸騰,"gotowanie
wrzenie"
1627,,治す,"leczyć
wędzić
wyleczyć"
1628,,治世,"reżim
rząd
ustrój"
1629,,沼気,metan
1630,,沼沢,"bagno
moczar
moczary"
1631,,生命,"życie
żywot"
1632,,生姜,imbir
1633,,生存,"byt
egzystencja
istnienie
przeżycie"
1634,,生年,"starość
wiek"
1635,,生産,"iloczyn
produkcja
produkować
produkt
wyprodukować
wyrób
wytwarzać
wytwór"
1636,1,泣く,"płacz
płakać"
1637,1,産婆,"akuszerka
położna"
1638,,産業,przemysł
1639,1,泥炭,torf
1640,1,泥棒,"włamywacz
złodziej"
1641,,泥沼,trzęsawisko
1642,,泥濘,"błoto
ił
muł
szlam"
1643,,用器,"narzędzie
przyrząd"
1644,,注目,baczność
1645,1,用語,terminologia
1646,1,畏怖,"bać
bojaźń
obawa
przestrach
strach
trwoga"
1647,1,申入,"propozycja
sugestia"
1648,1,洗う,"myć
prać
przemywać
umyć
wyprać
zmywać"
1649,,洗礼,chrzest
1650,1,男児,"chłopak
chłopiec"
1651,1,男性,"człowiek
mężczyzna"
1652,,男親,ojciec
1653,,画く,opisywać
1654,,画像,"obraz
opis
podobizna
portret
rycina
wizerunek
wyobrażenie"
1655,,画家,malarz
1656,,洞穴,"grota
jaskinia
pieczara"
1657,,洞窟,"grota
jaskinia
pieczara"
1658,1,流れ,"bieżący
nurt
obiegowy
płynący
potok
prąd
strumień"
1659,1,流刑,"deportacja
wygnanie
zesłanie"
1660,1,流産,poronienie
1661,,流通,"dystrybucja
podział
rozkład"
1662,,略号,"kod
kodeks
szyfr"
1663,1,略語,"skrócenie
skrót"
1664,1,番卒,"czujka
placówka
posterunek
straż
wachta
warta
wartownik"
1665,,番号,"liczba
liczebność
numer
numerować
ponumerować"
1666,,洪水,"powódź
zalać"
1667,,疑い,wątpić
1668,,疑問,wątpliwość
1669,1,疑惑,podejrzenie
1670,,異議,"obiekcja
zapewnienie"
1671,,活栓,"klapa
wentyl
zastawka
zawór"
1672,1,活気,żywość
1673,1,病人,"cierpliwy
pacjent"
1674,,病気,"choroba
schorzenie"
1675,,病舎,"szpital
szpitalny"
1676,,病魔,"choroba
schorzenie"
1677,,消化,trawienie
1678,,消費,"konsumpcja
spożycie
zużycie"
1679,,疫学,epidemiologia
1680,,疫病,"dżuma
epidemia
plaga
zaraza"
1681,,浮ぶ,"bujać
płynąć
pływać
unosić"
1682,,浮標,"boja
pława"
1683,1,疲労,"zmęczenie
znużenie"
1684,1,えんどう,groch
1685,,海岸,"brzeg
wybrzeże"
1686,1,痘瘡,ospa
1687,1,浸水,zalewać
1688,,浸食,erozja
1689,,痛み,"ból
troska"
1690,1,恐怖症,fobia
1691,,液体,"ciecz
ciekły
płyn
płynny"
1692,,痳病,"rzeżączka
tryper"
1693,,淡い,zblednąć
1694,,療治,leczenie
1695,,渇き,pragnienie
1696,,済む,"dokańczać
kończyć
skończyć
zakańczać
zakończyć"
1697,,淫売,"nierząd
prostytucja"
1698,1,深さ,"głębia
głębokość"
1699,,癒す,"goić
leczyć
uzdrawiać
wyleczyć"
1700,,深淵,otchłań
1701,,渓谷,"parów
wąwóz"
1702,,淵叢,"centrum
ośrodek
środek"
1703,1,混乱,"bałagan
nieład
pomieszanie
zamęt
zamieszanie
zmieszanie"
1704,,軽業師,"akrobata
linoskoczek"
1705,,皇帝,cesarz
1706,1,温室,"cieplarnia
szklarnia"
1707,,温度,temperatura
1708,,測定,"mierzyć
pomiar"
1709,,湖水,jezioro
1710,1,発明,"inwencja
wymysł
wynalazek
wynalezienie"
1711,,発狂,"obłąkanie
obłęd
szaleństwo
wariactwo"
1712,1,発酵,fermentacja
1713,,発音,wymowa
1714,,登録,rejestracja
1715,,白鳥,łabędź
1716,,百合,lilia
1717,,百姓,"gospodarz
rolnik"
1718,1,研究室,"laboratorium
laboratoryjny
pracownia"
1719,1,盆暗,"dureń
głupiec
idiota
kretyn
półgłówek"
1720,,皮肉,"ironia
sarkazm"
1721,,皮膚,skórka
1722,,湯船,wanna
1723,,盗む,"kraść
ukraść
wykradać"
1724,1,盗難,"kradzież
złodziejstwo"
1725,1,盛り,"część
porcja"
1726,,盛況,"powodzenie
sukces"
1727,,省略,skrót
1728,1,監房,"celka
komórka"
1729,,監視,inwigilacja
1730,,看板,wywieszka
1731,1,目的,"cel
funkcja
obiekt
przedmiot"
1732,,直に,"bezpośredni
bezpośrednio
prosto
prosty
wprost"
1733,,直径,średnica
1734,,溶媒,"rozpuszczalnik
wypłacalny"
1735,,相役,kolega
1736,,相続,dziedziczenie
1737,1,相談,konsultacja
1738,,相関,korelacja
1739,,滞在,pobyt
1740,,真の,"autentyczny
prawdziwy
rzeczywisty
szczery"
1741,,着想,"myśl
pojęcie
pomysł
wyobrażenie"
1742,,真実,rzeczywistość
1743,1,真珠,"perła
perłowy"
1744,,真直,"prawy
rzetelny
uczciwy"
1745,,真空,próżnia
1746,,真菌,grzyb
1747,,真鍮,mosiądz
1748,1,眠り,sen
1749,1,眠る,"przespać
spać
sypiać"
1750,,漁夫,"poławiacz
rybak
wędkarz"
1751,,漁色,rozpusta
1752,1,漏れ,"przeciekać
wyciek"
1753,1,漏斗,lejek
1754,,演算,"działanie
operacja"
1755,,滴下,cieknąć
1756,1,睡眠,"przespać
spać
sypiać"
1757,1,瞑想,"medytacja
rozmyślanie"
1758,1,物理学,fizyka
1759,,物理的,"cielesny
fizyczny"
1760,,漿果,jagoda
1761,,漿液,"energia
sok"
1762,,考え,"mniemanie
opinia
pogląd
zdanie"
1763,,潤い,wilgoć
1764,,瞬間,"chwila
moment"
1765,,潮汐,przypływ
1766,1,潰瘍,wrzód
1767,,矛盾,sprzeczność
1768,,激甚,"gwałt
gwałtowność
przemoc"
1769,,激発,wybuch
1770,,砂利,żwir
1771,,砂子,"piach
piasek"
1772,1,砂岩,piaskowiec
1773,,砂漠,"pustka
pustynia
pustynny"
1774,,砂糖,cukier
1775,,濃厚,"gęstość
zwartość"
1776,,濃度,"koncentracja
stężenie"
1777,1,矢玉,amunicja
1778,1,知人,"kolega
przyjaciel"
1779,,知恵,mądrość
1780,,知覚,"percepcja
postrzeganie"
1781,,知識,"poznanie
świadomość
wiedza
znajomość"
1782,,短剣,sztylet
1783,1,短銃,rewolwer
1784,,石灰,wapno
1785,,石炭,"węgiel
węglowy"
1786,1,石榴,granat
1787,1,石油,"nafta
ropa"
1788,1,石膏,gips
1789,,研究,"badanie
poszukiwanie"
1790,,石英,kwarc
1791,,石綿,azbest
1792,,石鹸,"mydlić
mydło
namydlić"
1793,,聖堂,kościół
1794,,聖壇,ołtarz
1795,,聖書,biblia
1796,,聞く,"słyszeć
usłyszeć"
1797,1,肉屋,rzeźnik
1798,,肉的,"cielesny
fizyczny
zmysłowy"
1799,,肋骨,"żeberko
żebro"
1800,,砲兵,artyleria
1801,1,聴く,"nasłuchiwać
posłuchać
słuchać"
1802,,破壊,"destrukcja
zagłada
zniszczenie"
1803,,破綻,"bankructwo
plajta
upadłość"
1804,1,職人,"pracownik
robotnik
rzemieślnik
sprawca"
1805,,職掌,"agencja
biurko
biuro
kancelaria
obowiązek
urząd"
1806,1,職業,"okupacja
posada
praca
zajęcie
zatrudnienie
zawód"
1807,1,肛門,odbyt
1808,,硝子,"kieliszek
szkiełko
szklanka
szkło
szyba"
1809,1,硝石,saletra
1810,,肝臓,wątroba
1811,,肥料,"gnój
nawóz"
1812,1,胆汁,żółć
1813,1,背信,perfidia
1814,,背景,tło
1815,,硬い,"mocny
pewny
silny
solidny
stały
trwały"
1816,,硬さ,twardość
1817,1,硬度,twardość
1818,,磁器,"porcelana
porcelanowy"
1819,,磁気,magnetyzm
1820,,脂肪,"maź
okrasa
smalec
smar
tłuszcz"
1821,1,脅威,groźba
1822,,脅迫,"groźba
pogróżka
zagrożenie"
1823,,脈搏,"puls
tętno"
1824,,脊椎,kręgosłup
1825,,胴体,"kadłub
pień
tułów"
1826,,胴衣,"kaftanik
kamizelka"
1827,1,胸懐,"rdzeń
sedno
serce"
1828,1,胸部,"biust
pierś"
1829,1,確か,"niejaki
niezawodny
określony
pewien
pewny
wiarygodny"
1830,,確信,"ufność
zaufanie
zwierzenie"
1831,,確率,prawdopodobieństwo
1832,1,確認,potwierdzenie
1833,,磨く,"froterować
polerować
wypolerować"
1834,,腎臓,nerka
1835,,磯辺,plaża
1836,,腐食,korozja
1837,,脳髄,mózg
1838,,腕首,"nadgarstek
przegub"
1839,1,脾臓,śledziona
1840,1,祈り,"modlitwa
pacierz"
1841,,祈る,"modlić
prosić"
1842,1,祖先,przodek
1843,,祖型,"pierwowzór
prawzór
prototyp"
1844,,祖父,dziadek
1845,1,祖母,"babcia
babka"
1846,,腹部,podbrzusze
1847,1,祝う,"obchodzić
świętować"
1848,,礼儀,kurtuazja
1849,,祝福,błogosławieństwo
1850,1,神学,teologia
1851,,神様,"boskość
bóstwo"
1852,1,神殿,świątynia
1853,,神経,"nerw
tupet"
1854,,神話,mit
1855,1,社会,"społeczeństwo
stowarzyszenie
towarzystwo"
1856,1,社長,"dyrektor
kierownik
reżyser"
1857,,禁欲,"abstynencja
wstrzemięźliwość"
1858,1,禁止,"prohibicja
zakaz"
1859,,臆説,"hipoteza
przypuszczenie"
1860,,およそ,"dookoła
koło
naokoło
wkoło
wokół
wokoło"
1861,,膨脹,"powiększenie
przybytek
przyrost
wzrost"
1862,1,祭司,"duchowny
duszpasterz
kapłan
ksiądz"
1863,,祭壇,ołtarz
1864,,膿瘍,"ropień
wrzód"
1865,1,私設,prywatny
1866,,臥所,"legowisko
łóżko
łożysko
posłanie"
1867,,興廃,"dola
los
przeznaczenie"
1868,,秋季,jesień
1869,1,自棄,"desperacja
rozpacz"
1870,,自然,"charakter
natura
przyroda
rodzaj"
1871,,自殺,"samobójca
samobójstwo"
1872,,自決,samobójstwo
1873,,自治,autonomia
1874,,自由,"niezależność
swoboda
wolność"
1875,1,自涜,"masturbacja
onanizm
samogwałt"
1876,,自白,"spowiedź
wyznanie"
1877,,臭い,smród
1878,,臭う,"czuć
pachnąć
pachnieć
wąchać"
1879,1,科学,"nauka
wiedza"
1880,,至る,"dochodzić
nastawać
pochodzić
przybyć
przybywać
przychodzić
przyjeżdżać
przyjść
zdarzać"
1881,,秘密,"sekret
tajemnica"
1882,,禿鷹,sęp
1883,,航法,"nawigacja
żeglarstwo
żegluga"
1884,1,税金,"podatek
podatkowy
taksa"
1885,1,称賛,chwalić
1886,1,船員,"marynarz
żeglarz"
1887,,船室,"kabina
kajuta"
1888,,船舶,"okręt
statek"
1889,,移民,"imigracja
imigrant"
1890,,穀物,"zboże
zbożowy"
1891,,種族,rasa
1892,1,種類,"czcionka
gatunek
rodzaj
sposób
typ
wzór"
1893,,良い,dobry
1894,,良心,sumienie
1895,,芝居,dramat
1896,,芝生,trawnik
1897,,囲炉裏,"kominek
ognisko
palenisko"
1898,,窃か,"pokątny
potajemny
tajny"
1899,,花束,bukiet
1900,,花粉,pyłek
1901,1,芳香,"perfumy
woń
zapach"
1902,1,穴蔵,"piwnica
podziemie
suterena"
1903,,空中,niebo
1904,,空気,"melodia
mina
powietrze
przewietrzyć
wygląd"
1905,1,空港,lotnisko
1906,,空白,"próżnia
próżniowy
pustka"
1907,,空虚,pustka
1908,,穿孔,"dziurkowanie
perforacja"
1909,,若い,"młodo
młodszy
młody"
1910,,苦い,gorzki
1911,,苦味,"gorycz
rozgoryczenie"
1912,,苦情,"reklamacja
zażalenie"
1913,,苦悩,"ból
cierpienie
udręczenie
udręka"
1914,1,苦痛,"agonia
ból
cierpienie
kaźń
męczarnia
męka
udręka"
1915,,立法,ustawodawstwo
1916,,英名,"chluba
chwała
gloria
sława"
1917,1,英知,inteligencja
1918,,竜巻,cyklon
1919,,竜骨,"kil
stępka"
1920,,草叢,"gąszcz
krzak"
1921,,草地,łąka
1922,1,草稿,"manuskrypt
rękopis"
1923,,笑い,śmiech
1924,,笑う,"śmiać
śmiech"
1925,,笑声,śmiech
1926,,競争,"konkurencja
współzawodnictwo"
1927,,方法論,"metodologia
metodyka"
1928,,符牒,"marka
znaczek
znak"
1929,,筋肉,mięsień
1930,,策略,fortel
1931,,荷担,"oparcie
podpora
podpórka
pomoc
poparcie
wsparcie"
1932,,荷物,bagaż
1933,,荷足,"brzemię
ciężar
fracht
ładowanie
ładunek
obciążenie"
1934,1,荷車,"fura
furmanka
wóz
wózek"
1935,,箒星,kometa
1936,,算術,"arytmetyczny
arytmetyka"
1937,,範囲,"donośność
wachlarz
zakres
zasięg"
1938,,築く,"budować
konstruować
skonstruować
wykonywać
zbudować"
1939,,葉巻,cygaro
1940,,著者,"autor
pisarz
sprawca
twórca"
1941,,落度,wina
1942,1,葬式,pogrzeb
1943,,蓄積,"akumulacja
kumulacja
nagromadzenie"
1944,,粉体,"proch
proszek
puder
pył
zasypka"
1945,,粒子,"cząstka
drobina
odrobina
partykuła
szczypta
zboże
ziarno"
1946,,米穀,ryż
1947,1,粗い,"brutalny
chrapliwy
grubiański
gruby
ordynarny
prostacki
rażący
rubaszny
surowy
szorstki"
1948,,粗末,"brutalny
grubiański
prymitywny
surowy
szorstki"
1949,1,粗皮,kora
1950,,粗相,"niedbałość
niedbalstwo
zaniedbanie"
1951,,粘土,glina
1952,,蒸気,para
1953,,蒸留,destylacja
1954,1,精巣,jądro
1955,,精度,dokładność
1956,,精根,energia
1957,,精神,"duch
rozum
umysł"
1958,1,蕃殖,"powiększenie
wzrost"
1959,,約束,"obietnica
przyrzeczenie"
1960,,約款,"klauzula
warunek"
1961,,約諾,"obiecanka
obiecywać
obietnica
przyrzeczenie
przyrzekać"
1962,,紅玉,rubin
1963,,納入,"opłata
wpłata
wypłata
zapłata"
1964,,納屋,stodoła
1965,,カササギ,sroka
1966,,糸枠,"cewka
szpula
szpulka"
1967,1,紛争,spór
1968,,紛乱,"bałagan
bezład
nieład
nieporządek
zaburzenie"
1969,,素人,amator
1970,,素直,posłuszny
1971,,索引,"indeks
skorowidz"
1972,1,索然,"oschły
suchy
wytrawny"
1973,,薄い,"słaby
szczupły
wątły"
1974,,組織,"metoda
tkanina
tkanka
układ"
1975,,経済,"ekonomia
gospodarka
oszczędność"
1976,,経線,"południk
południowy"
1977,,経過,postęp
1978,,経験,doświadczać
1979,,結ぶ,"łączyć
połączyć
wiązać"
1980,,結婚,"małżeństwo
zamążpójście"
1981,,結晶,"kryształ
kryształowy"
1982,,結果,"konsekwencja
rezultat
skutek
wynik
wynikać"
1983,,結核,gruźlica
1984,,結論,konkluzja
1985,,薦め,"porada
rada"
1986,,給仕,"kelner
serwer"
1987,,薫陶,"oświata
szkolenie
wykształcenie"
1988,,薬学,"apteka
farmacja"
1989,,薬局,apteka
1990,,薬方,"przepis
recepta"
1991,,薬舗,"apteka
farmacja"
1992,,統合,"całkowanie
integracja"
1993,,統御,"kontrola
kontrolka
kontrolowanie"
1994,,統率,"dowództwo
komenda
komenderować
rozkaz"
1995,,統計,"statystyczny
statystyka"
1996,,絵図,ilustracja
1997,,絶対,"absolut
absolutny
bezwzględny"
1998,,絶望,rozpaczać
1999,,絶滅,"destrukcja
ruina
zagłada
zniszczenie"
2000,1,継続,kontynuacja
2001,,絹布,jedwab
2002,,蘇生,zmartwychwstanie
2003,,総て,"całkiem
całkowicie
całość
cały
każdy
wszystek
wszystko"
2004,,総合,synteza
2005,1,緒言,"przedmowa
wstęp"
2006,1,網膜,siatkówka
2007,,線路,"kreska
linia"
2008,,藻類,wodorost
2009,1,縁日,"jarmark
kiermasz
targ"
2010,,繁栄,dobrobyt
2011,1,繃帯,"bandaż
opatrunek"
2012,,繊維,włókno
2013,1,虫螻,"czerw
insekt
owad
robak"
2014,,織物,"materiał
płachta
ścierka
sukno
tkanina
tworzywo"
2015,,繕う,"naprawiać
poprawiać
reperować"
2016,,チューリップ,tulipan
2017,1,意味論,semantyka
2018,,融合,fuzja
2019,,融資,pożyczka
2020,1,蝶蝶,"motyl
motylek
motylkowy"
2021,,退位,"abdykacja
zrzeczenie"
2022,,退屈,"nuda
znudzenie"
2023,,退廃,dekadencja
2024,,罪業,"przekroczenie
przestępstwo
występek
zbrodnia"
2025,1,罪科,występek
2026,,美質,"cnota
zaleta"
2027,,透明,przezroczystość
2028,,罰金,grzywna
2029,,署名,"podpis
sygnatura"
2030,,通す,"kontynuować
kontynuujący
trwać"
2031,,通り,"elegancja
fason
maniera
rodzaj
sposób
tryb"
2032,,通貨,waluta
2033,,速い,"bystry
chybki
chyży
pospieszny
prędki
szybki
wartki
żywy"
2034,,速く,"prędki
szybki"
2035,,速度,"prędkość
szybkość"
2036,,造る,"fabrykować
fałszować
produkować
robić
sporządzać
wykonywać
wyrabiać
wytwarzać
zrobić"
2037,,連携,"kooperacja
współdziałanie
współpraca"
2038,,連帯,solidarność
2039,,連立,koalicja
2040,1,連絡,"kontakt
styczność
stykać"
2041,,連隊,pułk
2042,1,群れ,"chmara
rój
stado
szkoła
szkółka
tabun
trzoda
uczelnia"
2043,,遅延,"opóźniać
zwlekać"
2044,1,遅滞,zwłoka
2045,,群衆,"chmara
ciżba
czereda
mnogość
mnóstwo
rzesza
tłok
tłum
zbiegowisko"
2046,,羨望,zazdrościć
2047,,遊ぶ,"bawić
grać
igrać"
2048,,義務,"cło
obligacja
obowiązek
odpowiedzialność
powinność
zobowiązanie"
2049,1,遊戯,"gra
luz
zabawa"
2050,1,遊山,"przechadzka
wycieczka
wypad"
2051,,遊猟,"łowiectwo
myślistwo
polowanie"
2052,1,遊泳,pływanie
2053,,運び,krok
2054,,運ぶ,"dowozić
przenosić
przewozić
transportować"
2055,,運命,"los
przeznaczenie"
2056,,運搬,przewóz
2057,,運河,"kanał
przewód"
2058,,運転,działanie
2059,,過失,"błąd
brak
defekt
omyłka
pomyłka
uchyb
usterka
wada"
2060,,逮捕,aresztowanie
2061,1,習慣,"habit
nawyk
przyzwyczajenie
zwyczaj"
2062,,道具,narzędzie
2063,,進化,"ewolucja
rozwój"
2064,,道徳,moralność
2065,,道理,"powód
racja
rozsądek
rozum"
2066,,進行,"postęp
progresja"
2067,,道路,"droga
szosa
ulica"
2068,,達人,"biegły
ekspert
gospodarz
majster
mistrz
nauczyciel
rzeczoznawca
władca
znawca"
2069,,違い,różnica
2070,,逸話,anegdota
2071,1,血潮,krew
2072,1,遠い,"daleki
odległy"
2073,,遣い,"goniec
posłaniec
wysłannik"
2074,1,適応,"adaptacja
akomodacja
przystosowanie"
2075,,行く,"chodzić
iść
jechać
jeździć
odejść
pójść"
2076,,行列,"pochód
procesja"
2077,,行政,"administracja
zarząd
zarządzanie"
2078,,行為,"akt
czyn
działać
uczynek"
2079,,行進,"marsz
pochód"
2080,,遭難,"awaria
kraksa
wypadek"
2081,,術策,"podstęp
przebiegłość
sztuczka"
2082,1,選奨,"polecenie
rekomendacja
zalecenie"
2083,,選択,"dobór
wybór"
2084,1,選挙,"elekcja
wybór"
2085,,方程式,równanie
2086,,遺す,"ocalić
oszczędzać
zaoszczędzać"
2087,,遺失,"przegrana
ubytek
utrata
zguba"
2088,,遺孤,sierota
2089,,衛星,satelita
2090,,衛生,higiena
2091,,遺産,dziedzictwo
2092,,遺風,tradycja
2093,1,翻訳,"przekład
tłumaczenie"
2094,,衝突,"karambol
kolizja
zderzenie"
2095,,衣裳,"strój
sukienka
suknia
szata
ubiór"
2096,,衣類,"odzież
strój
ubiór
ubranie"
2097,,邦土,"kraina
kraj
ląd
państwo"
2098,,表示,wskazanie
2099,,郊外,przedmieście
2100,,装置,"aparat
aparatura
ekwipunek
narząd
osprzęt
przyrząd
sprzęt
urządzenie
wyposażenie"
2101,,装飾,"dekoracja
ozdoba"
2102,,部局,sekcja
2103,,部族,szczep
2104,,部門,"departament
dział
ministerstwo
oddział
sekcja
wydział"
2105,,部隊,"jednostka
jedynka"
2106,,被害,"krzywda
szkoda
szkodzić
uszczerbek
uszkodzenie
zaszkodzić"
2107,1,裏腹,"odwrotny
przeciwieństwo
przeciwny"
2108,1,補償,"kompensacja
odszkodowanie
rekompensata
wyrównanie"
2109,1,補正,korekta
2110,,都市,"gród
metropolia
miasto
stolica"
2111,,配布,kolportaż
2112,1,褐炭,lignit
2113,,酒宴,"bankiet
biesiada
uczta"
2114,,酔い,"odurzenie
pijaństwo
upicie
upojenie"
2115,1,裸麦,"żytni
żyto"
2116,,製図,"kartografia
rysowanie
rysunek"
2117,,製法,"formuła
formułka
przepis
recepta
wzór"
2118,1,酩酊,upicie
2119,,酵素,enzym
2120,1,酸味,"kwaśność
kwasota
kwasowość"
2121,,酸素,"tlen
tlenowy"
2122,,醜い,"brzydki
nieładny
szpetny"
2123,,要求,"popyt
prośba
żądanie"
2124,,要素,"składnik
składowy
żywioł"
2125,,襤褸,"gałgan
łach
łachman
szmata"
2126,,覆す,obalić
2127,,見当,"adres
dyrekcja
kierownictwo
kierunek
reżyseria
zarząd"
2128,,重ね,"kupa
mnóstwo
pryzma
sterta
stóg
stos"
2129,,重力,"grawitacja
powaga"
2130,1,重視,"doniosłość
waga
ważkość
ważność
znaczenie"
2131,,野心,ambicja
2132,,野菜,"jarzyna
jarzynowy
warzywny
warzywo"
2133,,量る,mierzyć
2134,,規則,"linia
prawidło
przepis
reguła
zasada"
2135,,規制,rozporządzenie
2136,1,規定,przepis
2137,1,量目,"ciężar
ciężarek
odważnik
waga"
2138,,規約,"porozumienie
układ
umowa"
2139,,金属,"metal
metalowy"
2140,,襲撃,"atak
napad
napadać
napaść
natarcie
ofensywa"
2141,,醵出,"dar
darowizna
dotacja"
2142,,視聴,"baczność
uwaga"
2143,,視線,spojrzenie
2144,,覚悟,"deklaracja
oświadczenie"
2145,,覚書,"notatka
nuta
przypis
rachunek
uwaga
zauważyć"
2146,,針金,"druciany
drut"
2147,,西瓜,"arbuz
kawon"
2148,,親指,kciuk
2149,,角度,"kąt
narożnik
róg"
2150,,観客,publiczność
2151,,観測,"obserwacja
przestrzeganie
spostrzeżenie
uwaga"
2152,,言説,"oświadczenie
wypowiedź
zeznanie"
2153,,言辞,"język
mowa"
2154,,解剖,autopsja
2155,1,解放,"oswobodzenie
wyzwolenie"
2156,,解析,"analiza
rozbiór"
2157,,解釈,interpretacja
2158,,解雇,wymówienie
2159,,触手,macka
2160,,触媒,katalizator
2161,,触角,"antena
czułek
macka"
2162,1,計算,"kalkulacja
obliczanie
obliczenie"
2163,,計量,"miara
miarka
miernik
pomiar
przymiar
środek
wymiar"
2164,,訓育,"dyscyplina
karność
nauka"
2165,,記号,godło
2166,,記事,sprawozdanie
2167,,記憶,pamięć
2168,,記帳,podpis
2169,,記念,"pamięć
wspomnienie"
2170,,記者,sprawozdawca
2171,,記録,"dokument
dowód
rekord"
2172,,鉛筆,ołówek
2173,1,銀行,"bankowy
ławica"
2174,1,銀輪,koło
2175,1,鉤針,"haczyk
hak"
2176,,訪れ,"przybycie
przyjazd
przylot"
2177,1,訪問,"odwiedzać
zwiedzać
zwiedzić"
2178,1,訪客,"gość
zaproszony"
2179,,設け,przygotowanie
2180,,設備,"ekwipunek
osprzęt
sprzęt
wyposażenie"
2181,,詐欺,oszustwo
2182,,許す,"przebaczać
uwalniać
wybaczać
wybaczyć
wyzwolić
zwolnić"
2183,,許可,"pozwolenie
zezwolenie"
2184,1,鉱物,minerał
2185,,鉱石,"kruszec
kryształ
kryształowy
minerał
mineralny
ruda"
2186,,評定,"konsultacja
narada"
2187,,診断,"diagnostyka
diagnoza
rozpoznanie"
2188,1,証左,Świadek
2189,1,証言,zeznanie
2190,1,証跡,dowód
2191,,試す,"doświadczać
próbować
spróbować
usiłować
wypróbować"
2192,1,誇り,szczycić
2193,1,試作,"doświadczać
doświadczenie
eksperyment
próba"
2194,,試料,"próba
próbka
próbować
wzór"
2195,,試験,"badanie
egzamin
egzaminacyjny
próba
sprawdzenie"
2196,,詩句,"wers
werset
wiersz"
2197,,詩人,poeta
2198,,認可,"aprobata
pochwała
pozwolenie
uznanie
zezwolenie
zgoda"
2199,,銭金,"forsa
pieniądz
pieniądze
waluta"
2200,,話し,"dzieje
historia
opowiadanie
opowieść"
2201,,話す,"odezwać
wypowiadać"
2202,,誓詞,przysięga
2203,,誕辰,"urodzinowy
urodziny"
2204,1,誘い,zaproszenie
2205,1,誘う,zapraszać
2206,,誘惑,"kuszenie
pokusa"
2207,1,誘拐,porwanie
2208,,誘導,indukcja
2209,,語彙,"leksykon
słownictwo
słowniczek
słownik"
2210,,語法,gramatyka
2211,,誠に,"faktycznie
istotnie
prawdziwie
rzeczywiście"
2212,,談話,"konwersacja
rozmowa"
2213,,説教,kazanie
2214,1,説明,"objaśniać
objaśnienie
wyjaśniać
wyjaśnienie
wytłumaczenie"
2215,1,鋭い,"bystry
chytry
gwałtowny
ostry
przebiegły
punktualnie
spiczasty"
2216,,読む,"czytać
przeczytać"
2217,,読者,czytelnik
2218,,論理,"logiczny
logika"
2219,,論陣,"dowód
wywód"
2220,,鋼索,"depesza
kabel
lina"
2221,,鋼鉄,stal
2222,1,錠前,"zamek
zamknięcie"
2223,,錠剤,"pastylka
pigułka
tabletka"
2224,,調査,"dochodzenie
śledztwo
zbadanie"
2225,,諧謔,"dowcip
kawał
żart"
2226,,諭す,"ostrzegać
przestrzec
przestrzegać
upominać
uprzedzać"
2227,,諸島,archipelag
2228,,謙遜,pokora
2229,1,講和,"pokój
spokój"
2230,,講義,wykładać
2231,,謡う,śpiewać
2232,,音響効果,"akustyczny
akustyka"
2233,1,鍼術,akupunktura
2234,1,警戒,"ostrzeżenie
przestroga"
2235,,警官,"milicjant
policjant"
2236,,警察,"policja
policyjny"
2237,,議会,parlament
2238,1,議論,dyskusja
2239,,譲る,sprzedawać
2240,,譲歩,"koncesja
ustępstwo"
2241,,護謨,guma
2242,,豊か,"bogaty
bujny
majętny
obfity
sowity
zamożny
zasobny"
2243,,谷地,bagno
2244,1,谷間,"dolina
padół"
2245,,豚肉,wieprzowina
2246,1,豪傑,bohater
2247,1,負け,"klęska
porażka"
2248,,負傷,"rana
szwank
uraz
zranienie"
2249,1,財宝,skarb
2250,,非道い,"ciężki
gwałtowny
ociężały
silny"
2251,1,資本,stolica
2252,,資金,"główny
kapitał
stolica"
2253,,貧困,"bieda
ubóstwo"
2254,1,販売,"aukcja
sprzedaż
wyprzedaż
zbyt"
2255,,販路,"rynek
targ
targowisko"
2256,1,貪欲,"chciwość
pożądliwość
skąpstwo
żądza"
2257,1,貯え,"skład
zapas"
2258,,貰う,"brać
dostawać
otrzymać
otrzymywać
przyjmować"
2259,,貴人,"szlachcic
szlachecki
szlachetny"
2260,,買う,"kupować
nabyć
nabywać"
2261,,買収,"kupno
nabycie
nabytek
skup
sprawunek
zakup"
2262,,貸す,"pożyczać
użyczać
wypożyczać"
2263,,貼る,"kleić
lepić
przyklejać
skleić
sklejać
wkleić"
2264,,賞賛,pochwała
2265,,賢い,"mądry
roztropny
rozumny"
2266,1,賢明,mądrość
2267,,質点,"cząsteczka
cząstka
odrobina
partykuła"
2268,,質量,masa
2269,,開始,"początek
rozpoczęcie
start"
2270,,開明,"cywilizacja
kultura"
2271,,開発,rozwój
2272,,閑散,"cichy
cisza
milczenie
spokój
spokojny"
2273,1,間男,cudzołóstwo
2274,1,間間,"czasami
czasem
niekiedy"
2275,1,間隔,interwał
2276,,長さ,długość
2277,,長の,"odwieczny
wieczny
wiekuisty"
2278,,長円,"elipsa
owal
owalny"
2279,1,長所,zasługa
2280,1,長石,skaleń
2281,,関係,relacja
2282,,関心,"interes
odsetki
oprocentowanie
zainteresowanie"
2283,,関税,"celny
cło"
2284,,関門,"bariera
brama
przeszkoda
rogatka
szlaban
zapora"
2285,,赤い,"czerwień
czerwony"
2286,,赤字,deficyt
2287,,赤色,"czerwień
czerwony"
2288,,閲覧,"czytanie
lektura"
2289,,闘い,"bitwa
kłótnia
walka"
2290,,闘争,zmagać
2291,,闘技,"konkurs
rywalizacja
współzawodnictwo
zawody"
2292,,趨向,"dążność
kierunek
skłonność
tendencja"
2293,,足場,"rusztowanie
szafot"
2294,,踊り,taniec
2295,,踊る,tańczyć
2296,1,降誕,"narodzenie
narodziny
poród
urodzenie"
2297,,降雨,deszcz
2298,,限る,"ograniczać
ograniczyć"
2299,,路地,"aleja
uliczka
zaułek"
2300,,限界,"granica
ograniczenie"
2301,,防ぐ,"bronić
chronić
ochraniać
powstrzymywać
zabezpieczać"
2302,,防護,"ochrona
opieka
osłona
protekcja
zabezpieczenie"
2303,,跳躍,"podskok
przeskok
skok"
2304,1,阻害,"przeszkoda
trudność
zawada"
2305,,地質学,geologia
2306,1,陥る,"opadać
padać
paść
przypadać
spadać
upadać"
2307,1,階段,schody
2308,,階級,"klasa
stopień"
2309,,陰嚢,moszna
2310,,陰核,łechtaczka
2311,1,陰茎,"penis
prącie"
2312,1,陰翳,"cień
mrok"
2313,1,陰謀,"konspiracja
spisek
sprzysiężenie
zmowa"
2314,,隕石,meteoryt
2315,,陶器,garncarstwo
2316,,陸将,"generał
generalny
główny
ogólny
powszechny
walny"
2317,,陸岸,"brzeg
wybrzeże"
2318,,陸橋,wiadukt
2319,,陸軍,"armia
wojsko"
2320,,障害,przeszkoda
2321,,障碍,"przeszkoda
trudność
zawada"
2322,,陽春,wiosna
2323,1,陽気,"pogoda
pora"
2324,,隠す,"chować
kryć
przesłaniać
schować
skryć
taić
ukryć
ukrywać
utaić
zasłaniać
zataić"
2325,,隠喩,"metafora
przenośnia"
2326,1,雄弁,elokwencja
2327,1,雄牛,"buhaj
byk"
2328,,雅号,pseudonim
2329,,雌牛,krowa
2330,,雑作,"zadanie
zagadnienie"
2331,,雑誌,"czasopismo
magazyn
magazynek"
2332,,需用,"konsumpcja
spożycie
zużycie"
2333,1,需要,"domagać
popyt
żądanie
zapotrzebowanie"
2334,1,離婚,rozwodzić
2335,,離縁,rozwód
2336,,震駭,"postrach
strach"
2337,1,車庫,garaż
2338,1,霊柩,trumna
2339,,霊殿,mauzoleum
2340,,車軸,oś
2341,,雪崩,lawina
2342,,身代,"majątek
mienie
posesja
posiadłość
właściwość
własność"
2343,,軌範,norma
2344,,軍卒,"wojak
żołnierz"
2345,,軍陣,"obóz
obozowisko
obozowy"
2346,,軍隊,"armia
wojsko"
2347,,雲雀,skowronek
2348,,雷鳴,"grom
grzmot"
2349,,電光,"błyskawica
piorun"
2350,,電信,telegraf
2351,1,電子,elektron
2352,,電文,depesza
2353,,電池,"akumulator
bateria"
2354,,電解,elektroliza
2355,1,電話,telefon
2356,,軟膏,maść
2357,1,軟骨,chrząstka
2358,,青い,"błękit
błękitny
niebieski
siny"
2359,1,青玉,szafir
2360,,青色,"błękit
błękitny
niebieski
siny"
2361,1,青銅,"brąz
spiż"
2362,,露顕,"odkrycie
znalezisko"
2363,,輔佐,"pomoc
pomocnik"
2364,1,静か,"cichy
pokojowy
spokojny"
2365,1,静脈,żyła
2366,,輝き,blask
2367,,輝く,"błyszczeć
lśnić
promieniować"
2368,,軽侮,"lekceważenie
pogarda
wzgarda"
2369,,軽易,"prosty
zwyczajny
zwykły"
2370,,軽蔑,"gardzić
pogardzać"
2371,,面接,"widzenie
wywiad"
2372,,轆轤,"blok
tokarka"
2373,,革命,"obrót
przewrót
rewolucja"
2374,,靴屋,szewc
2375,1,輸入,"import
przywóz
wwóz"
2376,,輸出,"eksport
eksportować
wywóz
wywozić"
2377,,輻射,promieniowanie
2378,,輿地,"świat
światowy
uziemienie
ziemia"
2379,1,辞典,słownik
2380,,辞書,słownik
2381,1,順序,"ciąg
kolejność
ład
następstwo
porządek
zamówienie
zlecenie"
2382,1,順当,"słuszność
właściwy"
2383,,近隣,sąsiedztwo
2384,,農夫,"chłop
wieśniak"
2385,,農耕,rolnictwo
2386,1,返事,odpowiedź
2387,,音声,głos
2388,,音楽,muzyka
2389,,返済,spłata
2390,1,音節,"sylaba
zgłoska"
2391,,音調,"dźwięk
odcień
zachowanie"
2392,,音韻,fonem
2393,,領事,konsul
2394,,領土,terytorium
2395,1,領域,"boisko
dziedzina
dzielnica
ląd
obszar
okolica
okręg
powierzchnia
przestrzeń
rejon
rejonowy
rola
strefa
teren
terenowy
terytorium
ziemia"
2396,,韻文,"poezja
wiersz"
2397,1,響き,"oddźwięk
odgłos"
2398,,迫持,łuk
2399,,題目,nagłówek
2400,,方解石,kalcyt
2401,,顔色,karnacja
2402,,願う,spodziewać
2403,,願事,"modlitwa
pacierz
prośba"
2404,1,迷信,"przesąd
zabobon"
2405,1,迷妄,"iluzja
ułuda
złuda
złudzenie"
2406,1,願望,"pragnienie
życzenie"
2407,,迷路,"błędnik
labirynt"
2408,,顛落,"spadek
upadek"
2409,1,頼む,"poprosić
prosić
pytać
spytać
upraszać
zapytać"
2410,1,追う,"gonić
polować
ścigać"
2411,,追悼,żałoba
2412,,追録,"dodatek
uzupełnienie"
2413,,追跡,"gonitwa
pogoń
polowanie
pościg"
2414,,顧問,doradca
2415,,顧客,"interesant
klient"
2416,1,風刺,satyra
2417,,風土,klimat
2418,,風情,gościnność
2419,,風格,"fason
styl"
2420,,風流,"smak
smakować
zamiłowanie"
2421,,風采,"powierzchowność
pozór
wygląd"
2422,,風諭,alegoria
2423,,颱風,tajfun
2424,,飛泉,"kaskada
wodospad"
2425,,飛翔,"latanie
przelot"
2426,,食事,posiłek
2427,,食指,"indeks
skorowidz"
2428,,食料,"jedzenie
pokarm
pożywienie
strawa
wyżywienie
żywność"
2429,,飢餓,głód
2430,,養成,"ćwiczenie
instruktaż
szkolenie
trening
tresura"
2431,,養蜂,"pszczelarstwo
pszczelnictwo"
2432,1,餌食,ofiara
2433,,飲む,pić
2434,,飴玉,cukierek
2435,1,飼料,"obrok
pasza"
2436,,飾る,"dekorować
ozdabiać
zdobić"
2437,,饑餓,głód
2438,,首領,"głowa
łeb
naczelnik
przywódca
szef
wódz"
2439,,香水,"perfumy
zapach"
2440,1,駄賃,nagroda
2441,,騎士,"kawaler
rycerz"
2442,,騎手,"dżokej
jeździec"
2443,,騒人,poeta
2444,,驕傲,duma
2445,,驚き,"dziwić
zaskoczyć
zdziwić"
2446,,驚愕,"cios
szok"
2447,,驢馬,osioł
2448,,密告者,"denuncjant
informator"
2449,,骨骼,"kościec
kościotrup
szkielet
zarys"
2450,,高い,"drogi
kosztowny"
2451,,高原,"płaskowyż
płaskowzgórze"
2452,1,高地,"płaskowyż
płaskowzgórze
taca"
2453,,高度,wzniesienie
2454,,物静か,cisza
2455,,魂魄,"duch
dusza"
2456,,魅力,"czar
urok
wdzięk"
2457,1,魅惑,"atrakcja
przyciąganie"
2458,,鬱蒼,"gęsty
zawiesisty"
2459,,魔女,"czarownica
wiedźma"
2460,,魔法,magia
2461,,魔窟,burdel
2462,,魔羅,"członek
prącie"
2463,,鬼才,geniusz
2464,,全般的,"generał
generalny
główny
ogólny
powszechny
walny"
2465,1,鰥夫,wdowiec
2466,,鳥人,lotnik
2467,,鳴り,"brzmienie
dźwięk
fonia
głoska"
2468,,鳴る,"brzmieć
dźwięczeć
dźwięk
dzwonić"
2469,1,鷓鴣,kuropatwa
2470,,黄金,złoto
2471,1,黄銅,mosiądz
2472,,麦芽,słód
2473,,黎明,"brzask
świt"
2474,,黒い,"czarny
czerń
murzyn"
2475,,黒金,"Żelazko
żelazo"
2476,,黙黙,"cichy
milczący
niemy
spokojny"
2477,,麻痺,paraliż
2478,,お世辞,pochlebstwo
2479,1,オウム,papuga
2480,1,鼻髭,"wąs
wąsy"
2481,,ニシン,śledź
2482,,ココナッツ,kokos
2483,,お守り,amulet
2484,1,柔軟性,elastyczność
2485,,致命的,śmiertelny
2486,,乗組員,"ekipa
załoga"
2487,,ツチブタ,"mrówkojad
mrównik"
2488,1,クロウタドリ,kos
2489,1,怒鳴る,"krzyczeć
piszczeć
wołać
wrzeszczeć
wykrzykiwać
zawołanie"
2490,,応える,"odpisać
odpowiadać
odpowiedzieć
ręczyć"
2491,,歩行者,pieszy
2492,,スズメバチ,szerszeń
2493,,ナイチンゲール,słowik
2494,,繰り返し,"powtórka
powtórzenie"
2495,,諸事万端,wszystko
2496,,守銭奴,"skąpiec
sknera"
2497,1,半導体,półprzewodnik
2498,,クラゲ,meduza
2499,,六角形,"sześciobok
sześciokąt"
2500,1,高速道路,autostrada
2501,,若しくは,"albo
czy
lub"
2502,,友好的,"koleżeński
przyjacielski
przyjazny"
2503,,モットー,"dewiza
hasło
motto"
2504,,著しい,"nadzwyczajny
wybitny
znakomity"
2505,1,著わす,"napisać
pisać
wypisywać"
2506,,カッコウ,kukułka
2507,1,羅針盤,"busola
cyrkiel
kompas"
2508,,買い手,nabywca
2509,,封建主義,feudalizm
2510,1,脅かす,grozić
2511,,風刺画,karykatura
2512,1,タンポポ,"dmuchawiec
mlecz
mniszek"
2513,,ゴリラ,goryl
2514,,申し上げる,"głosić
mówić
orzekać
powiedzieć"
2515,,貴族政治,"arystokracja
szlachectwo
szlachta"
2516,,制する,"kierować
panować"
2517,,毒科学,toksykologia
2518,,疑わしい,wątpliwy
2519,1,芸術家,artysta
2520,1,仕訳ける,"klasyfikować
segregować
sklasyfikować
sortować
zaliczać"
2521,,駆引き,strategia
2522,1,著作家,pisarz
2523,,ジャガー,jaguar
2524,1,神経科,neurologia
2525,,息をする,"oddychać
odetchnąć"
2526,,すずめ,wróbel
2527,,脂っ濃い,"grubas
gruby
okrasa
otyły
sadło
spasły
tłusty
tłuszcz
tłuszczowy
zatłuszczony"
2528,,銀行家,bankier
2529,,羊皮紙,pergamin
2530,,防波堤,falochron
2531,,夜明け,"brzask
jutrzenka
świt"
2532,,糖尿病,cukrzyca
2533,,鉤十字,swastyka
2534,1,新しい,nowy
2535,,汗をかく,"pocić
spocić"
2536,,支払い,"płatność
uiszczenie
wpłata
wypłata"
2537,,見える,"aparycja
pojawiać
pokazywać
ukazać
ukazywać
wydawać
wygląd
wyglądać
zdawać
zjawiać"
2538,1,ハムスター,chomik
2539,,化学的,chemiczny
2540,,化学者,chemik
2541,1,紙入れ,portfel
2542,,粘着剤,"klej
klejący
przylegający
przylepny"
2543,,交響曲,symfonia
2544,1,被害者,ofiara
2545,,エンドウ,groszek
2546,,決する,"decydować
określać
postanawiać
przesądzać
rozstrzygać
uradzić
zadecydować
zdecydować"
2547,,屋根裏部屋,"mansarda
poddasze"
2548,,新聞紙,"czasopismo
dziennik
gazeta"
2549,1,引き出し,szuflada
2550,,音楽会,"koncert
koncertowy"
2551,,音楽家,muzyk
2552,,音楽隊,"kapela
taśma
wstęga
zgraja"
2553,,洗浄器,"strzykawka
szpryca"
2554,,見聞き,"doświadczać
doświadczenie
doznanie
doznawać
praktyka
przeżywać"
2555,,徐々に,"pomału
powoli"
2556,,音沙汰,litera
2557,,洗礼式,chrzest
2558,1,菠薐草,szpinak
2559,,見上げる,"podziwiać
uwielbiać"
2560,,見込み,nadzieja
2561,,ライオン,lew
2562,,音韻学,fonetyka
2563,1,海洋学,oceanografia
2564,1,カワウソ,wydra
2565,,マンモス,mamut
2566,,分ける,"dzielić
oddzielać
odłączyć
podzielić
rozchodzić
rozdzielać
rozstawać"
2567,1,差し引き,"osad
ostatek
pozostałość
reszta
resztka
szczątkowy"
2568,1,うつ病,depresja
2569,,うなぎ,węgorz
2570,,うろこ,"łupież
łuska"
2571,,毒毒しい,"jadowity
toksyczny
trujący"
2572,,修める,"badać
studiować
uczyć"
2573,,葡萄畑,winnica
2574,,擁する,"jeść
mieć
miewać
posiadać"
2575,,オリーブ,oliwka
2576,,電話を掛ける,"dzwonić
nazywać
przyzywać
telefonować
wołać
wywołać
zawołanie"
2577,,変流器,transformator
2578,1,分光学,spektroskopia
2579,,手すり,poręcz
2580,1,十字架,krzyż
2581,,眺める,"oglądać
patrzeć
patrzyć
popatrzeć
przyglądać
widzieć
zobaczyć"
2582,,ウサギ,królik
2583,,積極的,"aktywny
czynny
dodatni
pewny
pozytyw
pozytywny
realny
ruchliwy
stanowczy
twierdzący
żywy"
2584,,婦女子,"jejmość
kobieta
niewiasta
żona"
2585,,蜂の巣,ul
2586,,棒切れ,"kij
laska
pałka"
2587,,話合い,"konferencja
zjazd"
2588,1,手入れ,"dogląd
konserwacja
pielęgnacja
przechowywanie
utrzymanie
wyżywienie"
2589,,かえる,ropucha
2590,,図書館,"biblioteka
księgozbiór"
2591,,シロアリ,termit
2592,1,かもめ,mewa
2593,,ごろつき,"łajdak
łotr"
2594,1,絡繰り,mechanizm
2595,,悔いる,żałować
2596,,手伝う,"asystować
pomagać
pomóc
wspierać"
2597,,生生しい,"nowy
świeży"
2598,,放射線,"promieniowanie
radiacja"
2599,,組織学,histologia
2600,,気まずい,"nieprzyjemny
przykry"
2601,,手引書,"kierownik
podręcznik
poradnik
przewodnik"
2602,1,修道士,"mnich
zakonnik"
2603,,修道院,"klasztor
opactwo"
2604,,ラクダ,wielbłąd
2605,1,葉緑素,chlorofil
2606,,放物線,parabola
2607,,手痛い,"ciężki
surowy
trudny
twardo
twardy"
2608,1,侘しい,"biedny
lichy
marny
nędzny
opłakany
ubogi
żałosny"
2609,1,開拓者,pionier
2610,1,カエル,żaba
2611,1,カラス,wrona
2612,,付け回す,"prześladować
ścigać"
2613,1,手続き,"metoda
postępowanie
procedura"
2614,,傷付ける,"kaleczyć
ranić
zranić"
2615,,ねずみ,"mysz
szczur"
2616,,連ねる,"dołączać
łączyć
połączyć
przyłączyć
spajać"
2617,,役回り,"część
rola
udział"
2618,,四半分,"ćwiartka
ćwierć
czwarty
kwadra
kwadrans"
2619,,呈する,"darować
demonstrować
oferować
okazywać
podarować
pokazać
pokazywać
prezentować
przedstawiać
udowadniać
ukazywać
uwidaczniać
wykazywać"
2620,1,弁える,"poznać
poznawać
rozpoznać
rozpoznawać
uznać
uznawać"
2621,1,弁じる,"gadać
mówić
odezwać
przemawiać
rozmawiać"
2622,,安楽死,eutanazja
2623,1,病理学,patologia
2624,1,用務員,dozorca
2625,,呼び起こす,"budzić
obudzić
wzbudzać"
2626,,炭水化物,"cukier
węglowodan"
2627,,審判員,"rozjemca
sędzia"
2628,,売春婦,ladacznica
2629,1,望遠鏡,"luneta
teleskop"
2630,,消え入る,"ginąć
niknąć
zanikać
znikać"
2631,1,製作所,"fabryczny
fabryka
wytwórnia"
2632,1,製作者,"fabrykant
producent
wytwórca"
2633,,山荒らし,"jeż
jeżozwierz"
2634,,連合会,"asocjacja
połączenie
skojarzenie
stowarzyszenie
zrzeszenie
związek"
2635,,人懐っこい,"grzeczny
miły
przychylny
uprzejmy"
2636,,パセリ,pietruszka
2637,,腹癒せ,"pomsta
zemsta"
2638,,四角い,"czworokąt
kwadrat
kwadratowy"
2639,1,四角形,"czterostronny
czworoboczny
czworobok
czworokąt"
2640,,小さい,"mało
mały
niewielki"
2641,1,ひばり,skowronek
2642,,プラカード,"afisz
ogłoszenie
plakat"
2643,,製造元,"producent
wytwórca"
2644,,製造所,"fabryczny
fabryka
wytwórnia"
2645,,歯科学,dentystyka
2646,,魔法使い,"czarodziej
magik"
2647,,さそり,skorpion
2648,,廃棄物,"marnować
odpady"
2649,,幻覚症状,"halucynacja
omam"
2650,,小切手,czek
2651,,民族学,etnologia
2652,,弁護人,"adwokat
obrońca
stróż"
2653,,社会学,socjologia
2654,,小惑星,asteroida
2655,,蒸し暑い,"duszny
parny"
2656,1,ふるまい,"postępowanie
prowadzenie
zachowanie"
2657,,国際的,"międzynarodowy
międzypaństwowy"
2658,,行ない,"akcja
czyn
czynność
działalność
działanie
sprawa"
2659,,感じる,"czuć
doświadczać
doznawać
odczuwać
wyczuwać"
2660,,代名詞,zaimek
2661,,同音異義語,homonim
2662,,セイヨウスグリ,agrest
2663,,がちょう,gęś
2664,1,代理店,agencja
2665,,水っぽい,wodnisty
2666,1,必然的,"konieczny
niezbędny
potrzebny"
2667,,過半数,"pełnoletniość
większość"
2668,,写真師,fotograf
2669,,無秩序,"bałagan
pomieszanie
zamęt"
2670,1,無花果,figa
2671,,取って来る,"przenosić
przynosić
przynoszenie
przywieźć
sprowadzać"
2672,,船着き場,przystań
2673,,未亡人,wdowa
2674,,絵描き,malarz
2675,,甲虫類,chrząszcz
2676,1,見知らぬ,"cudzoziemski
dziwny
obcokrajowy
obcy
zagraniczny"
2677,,無頼漢,"łajdak
nikczemnik"
2678,1,訪れる,"nawiedzać
odwiedzać
zwiedzać"
2679,,揺り籠,"kolebka
kołyska"
2680,,負債者,dłużnik
2681,,サフラン,szafran
2682,,計算機,"arytmometr
kalkulator"
2683,1,取引先,"interesant
klient
nabywca"
2684,,復水器,"kondensator
skraplacz"
2685,1,機関車,"lokomotywa
parowóz"
2686,,ハイエナ,hiena
2687,,翰林院,akademia
2688,,黒っぽい,"ciemność
ciemnowłosy
ciemny"
2689,,爆撃機,bombowiec
2690,,平たい,"gładki
płaski
płaszczyzna
równia
równomierny
równy
właśnie"
2691,,口をつける,"doświadczać
próba
próbka
próbować
spróbować
wypróbować
wzór"
2692,,ペンギン,pingwin
2693,,コヨーテ,kojot
2694,,持参金,"posag
wiano"
2695,,チーター,gepard
2696,1,入り口,wstęp
2697,,入り用,"bieda
potrzeba
zapotrzebowanie"
2698,,入れる,"brać
nabierać
przyjąć
ujmować
wziąć
zabierać
zajmować"
2699,,道案内,"kierownik
poradnik
przewodnik"
2700,1,暖かい,"ciepły
ogrzać
rozgrzewać"
2701,,後継者,"następca
sukcesor"
2702,1,技術者,inżynier
2703,1,司令官,"dowódca
komendant
wódz"
2704,,軟体動物,mięczak
2705,,大司教,arcybiskup
2706,1,封じる,"zabraniać
zabronić
zakazać
zakazywać"
2707,,つばめ,jaskółka
2708,,大使館,ambasada
2709,,管財人,powiernik
2710,,大天使,archanioł
2711,1,博覧会,"ekspozycja
przedstawienie
wykład
wystawa
wystawowy"
2712,,繰延べる,"odkładać
odłożyć
odraczać"
2713,,切れ目,"antrakt
pauza
przerwa"
2714,,ヘラジカ,łoś
2715,1,微生物,"drobnoustrój
mikrob
zarazek"
2716,,玄武岩,bazalt
2717,,生化学,biochemia
2718,,ヒマワリ,słonecznik
2719,,大理石,"marmur
marmurowy"
2720,,航空機,samolot
2721,,有りのまま,fakt
2722,,金欠病,"bieda
ubóstwo"
2723,1,微笑み,"śmiać
uśmiech
uśmiechać"
2724,1,だちょう,struś
2725,,大聖堂,katedra
2726,,鳥類学,ornitologia
2727,1,較べる,"porównać
porównywać"
2728,,生物学,biologia
2729,,生理学,fizjologia
2730,1,押し潰す,"miażdżyć
rozgniatać
rozgnieść
zgniatać
zgnieciony
zgnieść
zmiażdżyć"
2731,1,加速度,przyspieszenie
2732,,詐欺師,"oszust
szachraj"
2733,,広漠たる,"ogromny
olbrzymi"
2734,1,酷しい,"dokładny
poważny
ścisły
surowy"
2735,,強める,"akcentować
podkreślać
uwydatniać
zaakcentować"
2736,1,勇ましい,"bitny
chrobry
chwacki
dzielny
mężny
nieustraszony
odważny
śmiały
waleczny"
2737,1,トマト,pomidor
2738,1,息吹き,"dech
oddech
oddychać
tchnienie"
2739,,宇宙飛行士,"astronauta
kosmonauta"
2740,,金輪際,nigdy
2741,,物悲しい,"smutny
żałosny"
2742,,聖歌隊,chór
2743,1,胴回り,"kibić
talia"
2744,,捗捗しい,"błyskawiczny
bystry
chybki
chyży
pospieszny
prędki
stromy
szybki
wartki
żywy"
2745,,悲しい,smutny
2746,,悲しみ,"smutek
żal
zgryzota"
2747,,書き記す,"nagrywać
rejestrować"
2748,,庶民的,"normalny
prawidłowy"
2749,,相続人,"dziedzic
spadkobierca"
2750,,高らか,"donośny
głośno
głośny
huczny"
2751,,遺伝子,gen
2752,,遺伝学,genetyka
2753,,湿った,"mokry
wilgotny
zmoknięty"
2754,1,観測者,"obserwator
widz"
2755,,独創的,"oryginał
oryginalny
pierwotny
rdzenny"
2756,,通訳者,"interpretator
tłumacz"
2757,,精神医学者,psychiatra
2758,,荒らす,"pustoszyć
zdewastować"
2759,,熱力学,termodynamika
2760,,形而上学,metafizyka
2761,,頂戴物,"dar
darowizna
podarunek
prezent
upominek"
2762,,視聴者,"telewidz
widz"
2763,,息遣い,oddychanie
2764,,色合い,"barwa
odcień
zabarwienie"
2765,1,斯うした,taki
2766,1,仕組み,"organizacja
urządzenie"
2767,,星占い,"astrologia
horoskop"
2768,,政治屋,polityk
2769,,政治的,polityczny
2770,,加水分解,hydroliza
2771,,蓋然性,prawdopodobieństwo
2772,,仕込む,"kształcić
rozwijać
szkolić
tworzyć
utworzyć
wykształcać"
2773,1,魔術師,"czarownik
magik"
2774,1,バジリコ,bazylia
2775,,独裁者,dyktator
2776,1,草食動物,roślinożerny
2777,,昼過ぎ,popołudnie
2778,,評論家,krytyk
2779,,鳴り物,muzyka
2780,,耳新しい,"nowy
świeży"
2781,,一寸した,"błahy
drobny
małostkowy
mały
młodszy
niewielki"
2782,,論理的,logiczny
2783,,欲する,"chcieć
pragnąć
zechcieć"
2784,,荒稼ぎ,"rabunek
włamanie"
2785,,薬剤師,"aptekarz
farmaceuta"
2786,,頬っぺた,policzek
2787,,刑務所,"penitencjariusz
więzienie"
2788,,民族主義,"nacjonalizm
patriotyzm"
2789,1,修道院長,opat
2790,1,債務者,dłużnik
2791,,ヒョウ,lampart
2792,1,船乗り,"marynarz
żeglarz"
2793,,養子縁組,"adopcja
przyjęcie
przysposobienie"
2794,,愛でる,"kochać
lubić"
2795,,膠も無い,"obcesowy
opryskliwy
szorstki"
2796,,薬理学,farmakologia
2797,,競技場,stadion
2798,,見忘れる,zapominać
2799,1,卑しい,"chciwy
nikczemny
podły
skąpy"
2800,,円熟した,"dojrzały
dojrzewać"
2801,,饂飩粉,"mączny
mąka"
