7253,WORD_PRODUCT_NAME,,HIRAGANA_KATAKANA,,,-,アークザラッド,,aakuzaraddo,Arc the Lad (seria gier RPG),GOTOWE
7374,WORD_PRODUCT_NAME,,HIRAGANA_KATAKANA,,,-,アービタックス,,aabitakkusu,Erbitux (onkologiczny lek),GOTOWE
4271,WORD_PRODUCT_NAME,,HIRAGANA_KATAKANA,,,-,アイスマン,,aisuman,Otzi (człowiek lodu),GOTOWE
4372,WORD_PRODUCT_NAME,,HIRAGANA_KATAKANA,,,-,アイフォン,,aifon,iPhone,GOTOWE
6292,WORD_PRODUCT_NAME,,HIRAGANA_KATAKANA,,,-,アルトバイエルン,,arutobaierun,Altbayern (marka kiełbas wytwarzana przez Ito Ham) (lit: Stara Bawaria),GOTOWE
7905,WORD_PRODUCT_NAME,,HIRAGANA_KATAKANA,,,-,イズバスチヤ,,izubasuchiya,Izwiestija (rosyjski dziennik),GOTOWE
7907,WORD_PRODUCT_NAME,,HIRAGANA_KATAKANA,,,-,イズベスチヤ,,izubesuchiya,Izwiestija (rosyjski dziennik),GOTOWE
8668,WORD_PRODUCT_NAME,,HIRAGANA_KATAKANA,,,-,インプレッサ,,inpuressa,Impreza (model Subaru),GOTOWE
79924,WORD_PRODUCT_NAME,,HIRAGANA_KATAKANA,,,-,ヴァルキューレ,,varukyuure,Walkure,GOTOWE
9357,WORD_PRODUCT_NAME,,HIRAGANA_KATAKANA,,,-,ウィー,,wii,Wii (konsola do gier Nintendo),GOTOWE
10168,WORD_PRODUCT_NAME,,HIRAGANA_KATAKANA,,,-,ウォークラフト,,wookurafuto,Warcraft (gra komputerowa),GOTOWE
80450,WORD_PRODUCT_NAME,,HIRAGANA_KATAKANA,,,-,ヴォクスホール,,vokusuhooru,Vauxhall (samochód),GOTOWE
10998,WORD_PRODUCT_NAME,,HIRAGANA_KATAKANA,,,-,エアバス,,eabasu,Airbus,GOTOWE
13272,WORD_PRODUCT_NAME,,HIRAGANA_KATAKANA,,,-,オスプレイ,,osupurei,Osprey (US aircraft),
13943,WORD_PRODUCT_NAME,,HIRAGANA_KATAKANA,,,-,オルトフォン,,orutofon,Ortofon,
14049,WORD_PRODUCT_NAME,,HIRAGANA_KATAKANA,,,-,オレストラ,,oresutora,Olestra (brand-name synthetic cooking oil),
17084,WORD_PRODUCT_NAME,,HIRAGANA_KATAKANA,,,-,カー・センサー,,kaasensaa,Car Sensor (magazine),
16846,WORD_PRODUCT_NAME,,HIRAGANA_KATAKANA,,,-,カーセンサー,,kaasensaa,Car Sensor (magazine),
16881,WORD_PRODUCT_NAME,,HIRAGANA_KATAKANA,,,-,カートゥーン・ネットワーク,,kaatuunnettowaaku,Cartoon Network,GOTOWE
16880,WORD_PRODUCT_NAME,,HIRAGANA_KATAKANA,,,-,カートゥーンネットワーク,,kaatuunnettowaaku,Cartoon Network,GOTOWE
18100,WORD_PRODUCT_NAME,,HIRAGANA_KATAKANA,,,-,キットカット,,kittokatto,KitKat,GOTOWE
18124,WORD_PRODUCT_NAME,,HIRAGANA_KATAKANA,,,-,キティ・ホワイト,,kitihowaito,"Kitty White (usually ""Hello Kitty"") (Sanrio product line)",
18120,WORD_PRODUCT_NAME,,HIRAGANA_KATAKANA,,,-,キティちゃん,,kitichan,(col) Hello Kitty (Sanrio product line),
18121,WORD_PRODUCT_NAME,,HIRAGANA_KATAKANA,,,-,キティホワイト,,kitihowaito,"Kitty White (usually ""Hello Kitty"") (Sanrio product line)",
19048,WORD_PRODUCT_NAME,,HIRAGANA_KATAKANA,,,-,ギャラガ,,gyaraga,Galaga (video game series),
21883,WORD_PRODUCT_NAME,,HIRAGANA_KATAKANA,,,-,グラディウス,,guradiusu,"Gradius, a.k.a. Nemesis (video game series)",
21959,WORD_PRODUCT_NAME,,HIRAGANA_KATAKANA,,,-,グラモフォン,,guramofon,Gramophone (UK music magazine),
20768,WORD_PRODUCT_NAME,,HIRAGANA_KATAKANA,,,-,クレイジークライマー,,kureijiikuraimaa,Crazy Climber (video game),
23803,WORD_PRODUCT_NAME,,HIRAGANA_KATAKANA,,,-,ゲームギア,,geemugia,(Sega) Game Gear,
23802,WORD_PRODUCT_NAME,,HIRAGANA_KATAKANA,,,-,ゲームキューブ,,geemukyuubu,(Nintendo) Gamecube,
23805,WORD_PRODUCT_NAME,,HIRAGANA_KATAKANA,,,-,ゲームボーイ,,geemubooi,(Nintendo) Game Boy,
23806,WORD_PRODUCT_NAME,,HIRAGANA_KATAKANA,,,-,ゲームボーイアドバンス,,geemubooiadobansu,(Nintendo) Game Boy Advance,
25985,WORD_PRODUCT_NAME,,HIRAGANA_KATAKANA,,,-,ゴーイングマイウェー,,gooingumaiwee,Going My Way (TV show),
24559,WORD_PRODUCT_NAME,,HIRAGANA_KATAKANA,,,-,コメルサント,,komerusanto,Kommersant (Russian daily newspaper),
24893,WORD_PRODUCT_NAME,,HIRAGANA_KATAKANA,,,-,コルベット,,korubetto,Corvette (model samochodu),GOTOWE
26148,WORD_PRODUCT_NAME,,HIRAGANA_KATAKANA,,,-,サイエンス,,saiensu,Science (czasopismo naukowe),GOTOWE
26406,WORD_PRODUCT_NAME,,HIRAGANA_KATAKANA,,,-,サターン,,sataan,(Sega) Saturn,GOTOWE
26936,WORD_PRODUCT_NAME,,HIRAGANA_KATAKANA,,,-,サラマンダ,,saramanda,Salamander (video game),
28598,WORD_PRODUCT_NAME,,HIRAGANA_KATAKANA,,,-,シェンムー,,shenmuu,Shenmue (RPG series),
32095,WORD_PRODUCT_NAME,,HIRAGANA_KATAKANA,,,-,ジャックパーセル,,jakkupaaseru,Jack Purcell (type of tennis shoe),
32164,WORD_PRODUCT_NAME,,HIRAGANA_KATAKANA,,,-,ジャパン・タイムズ,,japantaimuzu,Japan Times (gazeta),GOTOWE
32160,WORD_PRODUCT_NAME,,HIRAGANA_KATAKANA,,,-,ジャパンタイムズ,,japantaimuzu,Japan Times (gazeta),GOTOWE
32175,WORD_PRODUCT_NAME,,HIRAGANA_KATAKANA,,,-,ジャブラニ,,jaburani,Jabulani (piłka Adidasa),GOTOWE
31023,WORD_PRODUCT_NAME,,HIRAGANA_KATAKANA,,,-,シルバートーン,,shirubaatoon,Silvertone (gitara elektryczna),GOTOWE
35633,WORD_PRODUCT_NAME,,HIRAGANA_KATAKANA,,,-,スーパーファミコン,,suupaafamikon,(Nintendo) Super Famicom (Super Nintendo lub SNES),GOTOWE
35634,WORD_PRODUCT_NAME,,HIRAGANA_KATAKANA,,,-,スーパーマリオ,,suupaamario,Super Mario (seria gier video),GOTOWE
35638,WORD_PRODUCT_NAME,,HIRAGANA_KATAKANA,,,-,スーファミ,,suufami,Super Famicom (skrót),GOTOWE
34007,WORD_PRODUCT_NAME,,HIRAGANA_KATAKANA,,,-,スタークラフト,,sutaakurafuto,StarCraft,GOTOWE
34739,WORD_PRODUCT_NAME,,HIRAGANA_KATAKANA,,,-,スヌーピー,,sunuupii,Snoopy,
34811,WORD_PRODUCT_NAME,,HIRAGANA_KATAKANA,,,-,スパイシー・ラブ・スープ,,supaishiirabusuupu,Spicy Love Soup (film),
34810,WORD_PRODUCT_NAME,,HIRAGANA_KATAKANA,,,-,スパイシー・ラブスープ,,supaishiirabusuupu,Spicy Love Soup (film),
34809,WORD_PRODUCT_NAME,,HIRAGANA_KATAKANA,,,-,スパイシーラブスープ,,supaishiirabusuupu,Spicy Love Soup (film),
35093,WORD_PRODUCT_NAME,,HIRAGANA_KATAKANA,,,-,スペースハリアー,,supeesuhariaa,Space Harrier (video game),
35420,WORD_PRODUCT_NAME,,HIRAGANA_KATAKANA,,,-,スルーディーベンチ,,suruudiibenchi,3DBENCH,
35886,WORD_PRODUCT_NAME,,HIRAGANA_KATAKANA,,,-,セガサターン,,segasataan,Sega Saturn,GOTOWE
37279,WORD_PRODUCT_NAME,,HIRAGANA_KATAKANA,,,-,ゾイド,,zoido,Zoid,
36896,WORD_PRODUCT_NAME,,HIRAGANA_KATAKANA,,,-,ソニック,,sonikku,Sonic (the Hedgehog) (video game series),
37641,WORD_PRODUCT_NAME,,HIRAGANA_KATAKANA,,,-,タスモリン,,tasumorin,"Tasmolin (Japanese brand of biperiden, an anti-Parkinson's drug)",
38741,WORD_PRODUCT_NAME,,HIRAGANA_KATAKANA,,,-,ダリウス,,dariusu,Darius (video game series),
1960,WORD_PRODUCT_NAME,,HIRAGANA_KATAKANA,,,-,ちびくろサンボ,,chibikurosanbo,Little Black Sambo (book title),
39761,WORD_PRODUCT_NAME,,HIRAGANA_KATAKANA,,,-,チャッカマン,,chakkaman,Chakaman (brand-name of rechargeable lighter),
40869,WORD_PRODUCT_NAME,,HIRAGANA_KATAKANA,,,-,ツーカー,,tsuukaa,Tu-ka (Japanese mobile phone service),
43304,WORD_PRODUCT_NAME,,HIRAGANA_KATAKANA,,,-,デーリー・ミラー,,deeriimiraa,Daily Mirror (newspaper),
43302,WORD_PRODUCT_NAME,,HIRAGANA_KATAKANA,,,-,デーリーミラー,,deeriimiraa,Daily Mirror (newspaper),
41798,WORD_PRODUCT_NAME,,HIRAGANA_KATAKANA,,,-,ディアブロ,,diaburo,Diablo (computer game),
41894,WORD_PRODUCT_NAME,,HIRAGANA_KATAKANA,,,-,ディスクシステム,,disukushisutemu,"(Nintendo) (Famicom) Disk System
FDS (Famicom add-on)",
42276,WORD_PRODUCT_NAME,,HIRAGANA_KATAKANA,,,-,デカメロン,,dekameron,The Decameron,
42353,WORD_PRODUCT_NAME,,HIRAGANA_KATAKANA,,,-,デジタルモンスター,,dejitarumonsutaa,digital monster (internationally popular cartoon and comic series),
42355,WORD_PRODUCT_NAME,,HIRAGANA_KATAKANA,,,-,デジモン,,dejimon,(abbr) digital monster (internationally popular cartoon and comic series),
41442,WORD_PRODUCT_NAME,,HIRAGANA_KATAKANA,,,-,テプラ,,tepura,Tepra (tape printing machine),
2139,WORD_PRODUCT_NAME,,HIRAGANA_KATAKANA,,,-,ときめきメモリアル,,tokimekimemoriaru,Tokimeki Memorial (dating game series),
45124,WORD_PRODUCT_NAME,,HIRAGANA_KATAKANA,,,-,ドナルドダック,,donarudodakku,Kaczor Donald,GOTOWE
45367,WORD_PRODUCT_NAME,,HIRAGANA_KATAKANA,,,-,ドラえもん,,doraemon,Doraemon (seria mangi),GOTOWE
45412,WORD_PRODUCT_NAME,,HIRAGANA_KATAKANA,,,-,ドラゴンクエスト,,doragonkuesuto,"Dragon Quest, a.k.a. Dragon Warrior (seria RPG)",GOTOWE
45522,WORD_PRODUCT_NAME,,HIRAGANA_KATAKANA,,,-,ドリームキャスト,,doriimukyasuto,(Sega) Dreamcast,GOTOWE
45811,WORD_PRODUCT_NAME,,HIRAGANA_KATAKANA,,,-,ドン・ペリニョン,,donperinyon,Dom Perignon,GOTOWE
45812,WORD_PRODUCT_NAME,,HIRAGANA_KATAKANA,,,-,ドン・ペリニヨン,,donperiniyon,Dom Perignon,GOTOWE
45796,WORD_PRODUCT_NAME,,HIRAGANA_KATAKANA,,,-,ドンペリ,,donperi,Dom Perignon (skrót),GOTOWE
45797,WORD_PRODUCT_NAME,,HIRAGANA_KATAKANA,,,-,ドンペリニョン,,donperinyon,Dom Perignon,GOTOWE
45798,WORD_PRODUCT_NAME,,HIRAGANA_KATAKANA,,,-,ドンペリニヨン,,donperiniyon,Dom Perignon,GOTOWE
46558,WORD_PRODUCT_NAME,,HIRAGANA_KATAKANA,,,-,ナーズ,,naazu,Nars (marka kosmetyków),GOTOWE
47033,WORD_PRODUCT_NAME,,HIRAGANA_KATAKANA,,,-,ニュー・ヨーカー,,nyuuyookaa,The New Yorker (magazyn),GOTOWE
47006,WORD_PRODUCT_NAME,,HIRAGANA_KATAKANA,,,-,ニューヨーカー,,nyuuyookaa,The New Yorker (magazyn),GOTOWE
47010,WORD_PRODUCT_NAME,,HIRAGANA_KATAKANA,,,-,ニューヨーク・タイムズ,,nyuuyookutaimuzu,The New York Times (gazeta),GOTOWE
47009,WORD_PRODUCT_NAME,,HIRAGANA_KATAKANA,,,-,ニューヨークタイムズ,,nyuuyookutaimuzu,The New York Times (gazeta),GOTOWE
47316,WORD_PRODUCT_NAME,,HIRAGANA_KATAKANA,,,-,ヌーブラ,,nuubura,NuBra,GOTOWE
47352,WORD_PRODUCT_NAME,,HIRAGANA_KATAKANA,,,-,ネイチャー,,neichaa,Nature (czasopismo naukowe),GOTOWE
47373,WORD_PRODUCT_NAME,,HIRAGANA_KATAKANA,,,-,ネオジオ,,neojio,(SNK) Neo-Geo MVS,
47374,WORD_PRODUCT_NAME,,HIRAGANA_KATAKANA,,,-,ネオジオポケット,,neojiopoketto,(SNK) Neo-Geo Pocket,
51179,WORD_PRODUCT_NAME,,HIRAGANA_KATAKANA,,,-,バーチャ,,baacha,'Virtua video game series (Sega),
51181,WORD_PRODUCT_NAME,,HIRAGANA_KATAKANA,,,-,バーチャロン,,baacharon,Virtual-On (video game series),
49765,WORD_PRODUCT_NAME,,HIRAGANA_KATAKANA,,,-,バイオハザード,,baiohazaado,"Biohazard, a.k.a. Resident Evil (video game series)",
48347,WORD_PRODUCT_NAME,,HIRAGANA_KATAKANA,,,-,ハイパーオリンピック,,haipaaorinpikku,"Hyper Olympic, a.k.a. Track & Field (video game series)",
51632,WORD_PRODUCT_NAME,,HIRAGANA_KATAKANA,,,-,パズルボブル,,pazuruboburu,"Puzzle Bobble, a.k.a. Bust-A-Move (video game series)",
51690,WORD_PRODUCT_NAME,,HIRAGANA_KATAKANA,,,-,パックマン,,pakkuman,"Pac-Man, Puck-Man (video game series)",
51912,WORD_PRODUCT_NAME,,HIRAGANA_KATAKANA,,,-,パピコ,,papiko,Papico (ice cream brand),
50339,WORD_PRODUCT_NAME,,HIRAGANA_KATAKANA,,,-,バブルボブル,,baburuboburu,Bubble Bobble (video game series),
52098,WORD_PRODUCT_NAME,,HIRAGANA_KATAKANA,,,-,パリマッチ,,parimacchi,Paris Match (magazyn),GOTOWE
49275,WORD_PRODUCT_NAME,,HIRAGANA_KATAKANA,,,-,ハロー・キティ,,harookiti,Hello Kitty,GOTOWE
49273,WORD_PRODUCT_NAME,,HIRAGANA_KATAKANA,,,-,ハローキティ,,harookiti,Hello Kitty,GOTOWE
49274,WORD_PRODUCT_NAME,,HIRAGANA_KATAKANA,,,-,ハローキティ,,harookiti,Hello Kitty,GOTOWE
52247,WORD_PRODUCT_NAME,,HIRAGANA_KATAKANA,,,-,パロディウス,,parodiusu,Parodius (video game series),
52258,WORD_PRODUCT_NAME,,HIRAGANA_KATAKANA,,,-,パワーストーン,,pawaasutoon,Power Stone (video game series),
49298,WORD_PRODUCT_NAME,,HIRAGANA_KATAKANA,,,-,ハンギョレ,,hangyore,Hankyoreh Shinmun (Korean daily newspaper),
49358,WORD_PRODUCT_NAME,,HIRAGANA_KATAKANA,,,-,ハンティングワールド,,hantinguwaarudo,Hunting World,
49366,WORD_PRODUCT_NAME,,HIRAGANA_KATAKANA,,,-,ハンデルスブラット,,handerusuburatto,Handelsblatt (German commercial newspaper),
54037,WORD_PRODUCT_NAME,,HIRAGANA_KATAKANA,,,-,ピカチュウ,,pikachuu,Pikachu,GOTOWE
53503,WORD_PRODUCT_NAME,,HIRAGANA_KATAKANA,,,-,ビュイック,,byuikku,Buick,GOTOWE
54613,WORD_PRODUCT_NAME,,HIRAGANA_KATAKANA,,,-,ファイナルファンタジー,,fainarufantajii,Final Fantasy (seria RPG),GOTOWE
54796,WORD_PRODUCT_NAME,,HIRAGANA_KATAKANA,,,-,ファミコン,,famikon,(Nintendo) Famicom (Family Computer) (NES),GOTOWE
54797,WORD_PRODUCT_NAME,,HIRAGANA_KATAKANA,,,-,ファミコンディスクシステム,,famikondisukushisutemu,"(Nintendo) Famicom Disk System
FDS",GOTOWE
54798,WORD_PRODUCT_NAME,,HIRAGANA_KATAKANA,,,-,ファミリーコンピューター,,famiriikonpyuutaa,"(Nintendo) Family Computer
Famicom (NES)",GOTOWE
54958,WORD_PRODUCT_NAME,,HIRAGANA_KATAKANA,,,-,ファンタシースター,,fantashiisutaa,Phantasy Star (RPG series),
56100,WORD_PRODUCT_NAME,,HIRAGANA_KATAKANA,,,-,フォトショ,,fotosho,Adobe Photoshop (abbr),
56101,WORD_PRODUCT_NAME,,HIRAGANA_KATAKANA,,,-,フォトショップ,,fotoshoppu,Adobe Photoshop,
58946,WORD_PRODUCT_NAME,,HIRAGANA_KATAKANA,,,-,プチプチ,,puchipuchi,bubble wrap (trademark of Kawakami Sangyo Co.),
2835,WORD_PRODUCT_NAME,,HIRAGANA_KATAKANA,,,-,ぷよぷよ,,puyopuyo,Puyo Puyo (video game series),
59230,WORD_PRODUCT_NAME,,HIRAGANA_KATAKANA,,,-,プリッツ,,purittsu,Pretz (Japanese snack made by Ezaki Glico),
58606,WORD_PRODUCT_NAME,,HIRAGANA_KATAKANA,,,-,ブレードランナー,,bureedorannaa,Łowca androidów (film),GOTOWE
59394,WORD_PRODUCT_NAME,,HIRAGANA_KATAKANA,,,-,プレイステーション,,pureisuteeshon,(Sony) PlayStation,GOTOWE
57489,WORD_PRODUCT_NAME,,HIRAGANA_KATAKANA,,,-,フロントミッション,,furontomisshon,Front Mission (seria RPG),GOTOWE
61494,WORD_PRODUCT_NAME,,HIRAGANA_KATAKANA,,,-,ベータマックス,,beetamakkusu,Betamax,GOTOWE
64548,WORD_PRODUCT_NAME,,HIRAGANA_KATAKANA,,,-,ポールポジション,,poorupojishon,Pole Position (seria gier video),GOTOWE
63869,WORD_PRODUCT_NAME,,HIRAGANA_KATAKANA,,,-,ポケットステーション,,pokettosuteeshon,(Sony) PocketStation (PlayStation peripheral),
63870,WORD_PRODUCT_NAME,,HIRAGANA_KATAKANA,,,-,ポケットモンスター,,pokettomonsutaa,Pocket Monsters,
63871,WORD_PRODUCT_NAME,,HIRAGANA_KATAKANA,,,-,ポケモン,,pokemon,Pokemon,
63631,WORD_PRODUCT_NAME,,HIRAGANA_KATAKANA,,,-,ボンバーマン,,bonbaaman,Bomberman (video game series),
65981,WORD_PRODUCT_NAME,,HIRAGANA_KATAKANA,,,-,マッハゴー・ゴー・ゴー,,mahhagoogoogoo,Speed Racer (anime),GOTOWE
65980,WORD_PRODUCT_NAME,,HIRAGANA_KATAKANA,,,-,マッハゴーゴーゴー,,mahhagoogoogoo,Speed Racer (anime),GOTOWE
66246,WORD_PRODUCT_NAME,,HIRAGANA_KATAKANA,,,-,マノン・レスコー,,manonresukoo,"Manon Lescaut (novel, opera, etc.)",
66245,WORD_PRODUCT_NAME,,HIRAGANA_KATAKANA,,,-,マノンレスコー,,manonresukoo,"Manon Lescaut (novel, opera, etc.)",
66569,WORD_PRODUCT_NAME,,HIRAGANA_KATAKANA,,,-,マリオブラザーズ,,marioburazaazu,Mario Bros. (video game series),
67890,WORD_PRODUCT_NAME,,HIRAGANA_KATAKANA,,,-,ミッキーマウス,,mikkiimausu,Myszka Miki,GOTOWE
68254,WORD_PRODUCT_NAME,,HIRAGANA_KATAKANA,,,-,ミュードラ,,myuudora,MuDora (krótki serial od Fuji Pacific),GOTOWE
69145,WORD_PRODUCT_NAME,,HIRAGANA_KATAKANA,,,-,メガドライブ,,megadoraibu,"(Sega) Mega Drive
MD (w USA: Genesis)",GOTOWE
69280,WORD_PRODUCT_NAME,,HIRAGANA_KATAKANA,,,-,メタルスラッグ,,metarusuraggu,Metal Slug (seria gier komputerowych),GOTOWE
69399,WORD_PRODUCT_NAME,,HIRAGANA_KATAKANA,,,-,メトロイド,,metoroido,Metroid (seria gier video),GOTOWE
75511,WORD_PRODUCT_NAME,,HIRAGANA_KATAKANA,,,-,リーバイス,,riibaisu,Levi's,GOTOWE
75512,WORD_PRODUCT_NAME,,HIRAGANA_KATAKANA,,,-,リーバイズ,,riibaizu,Levi's,GOTOWE
76372,WORD_PRODUCT_NAME,,HIRAGANA_KATAKANA,,,-,ル・モンド,,rumondo,Le Monde (francuska gazeta),GOTOWE
76452,WORD_PRODUCT_NAME,,HIRAGANA_KATAKANA,,,-,ルーチェモン,,ruuchemon,Lucemon (postać z Digimon Frontier),GOTOWE
76514,WORD_PRODUCT_NAME,,HIRAGANA_KATAKANA,,,-,ルーピー,,ruupii,Loopy (konsola do gier Casio),GOTOWE
76272,WORD_PRODUCT_NAME,,HIRAGANA_KATAKANA,,,-,ルモンド,,rumondo,Le Monde (francuska gazeta),GOTOWE
76804,WORD_PRODUCT_NAME,,HIRAGANA_KATAKANA,,,-,レガシー,,regashii,Legacy (samochód Subaru),GOTOWE
76802,WORD_PRODUCT_NAME,,HIRAGANA_KATAKANA,,,-,レガシィ,,regashii,Legacy (samochód Subaru),GOTOWE
76803,WORD_PRODUCT_NAME,,HIRAGANA_KATAKANA,,,-,レガシィー,,regashiii,Legacy (samochód Subaru),GOTOWE
77068,WORD_PRODUCT_NAME,,HIRAGANA_KATAKANA,,,-,レッドブル,,reddoburu,Red Bull,GOTOWE
77101,WORD_PRODUCT_NAME,,HIRAGANA_KATAKANA,,,-,レディボーデン,,redibooden,Lady Borden (marka lodów),GOTOWE
78222,WORD_PRODUCT_NAME,,HIRAGANA_KATAKANA,,,-,ロックマン,,rokkuman,"Rockman, a.k.a. Mega Man (seria gier video)",GOTOWE
78615,WORD_PRODUCT_NAME,,HIRAGANA_KATAKANA,,,-,ロミオとジュリエット,,romiotojurietto,Romeo i Julia,GOTOWE
79413,WORD_PRODUCT_NAME,,HIRAGANA_KATAKANA,,,-,ワシントン・ポスト,,washintonposuto,Washington Post (gazeta),GOTOWE
79411,WORD_PRODUCT_NAME,,HIRAGANA_KATAKANA,,,-,ワシントンポスト,,washintonposuto,Washington Post (gazeta),GOTOWE
79664,WORD_PRODUCT_NAME,,HIRAGANA_KATAKANA,,,-,ワンダースワン,,wandaasuwan,WonderSwan (przenośna konsola Bandai),GOTOWE
79677,WORD_PRODUCT_NAME,,HIRAGANA_KATAKANA,,,-,ワンワールド,,wanwaarudo,OneWorld,GOTOWE
738873,WORD_PRODUCT_NAME,,HIRAGANA_KATAKANA,,,Ｅテレ,イーテレ,,iitere,portal edukacyjny NHK,GOTOWE
738938,WORD_PRODUCT_NAME,,HIRAGANA_KATAKANA,,,ｉＰａｄ,アイパッド,,aipaddo,iPad,GOTOWE
738939,WORD_PRODUCT_NAME,,HIRAGANA_KATAKANA,,,ｉＰａｄ２,アイパッドツー,,aipaddotsuu,iPad 2,GOTOWE
738940,WORD_PRODUCT_NAME,,HIRAGANA_KATAKANA,,,ｉＰｏｄ,アイポッド,,aipoddo,iPod,GOTOWE
738937,WORD_PRODUCT_NAME,,HIRAGANA_KATAKANA,,,ｉモード,アイモード,,aimoodo,mobile internet service run by NTT DoCoMo in Japan,
738915,WORD_PRODUCT_NAME,,HIRAGANA_KATAKANA,,,ＰＣエンジン,ピーシーエンジン,,piishiienjin,(NEC) PC Engine (equiv: Turbografx 16),
80902,WORD_PRODUCT_NAME,,HIRAGANA_KATAKANA,,,あら皮,あらかわ,,arakawa,La Peau de Chagrin (Balzac novel),
85090,WORD_PRODUCT_NAME,,HIRAGANA_KATAKANA,,,アンネの日記,アンネのにっき,,annenonikki,"The Diary of a Young Girl (journals of Anne Frank, published in 1947)",
88678,WORD_PRODUCT_NAME,,HIRAGANA_KATAKANA,,,サクラ大戦,サクラたいせん,,sakurataisen,"Sakura Taisen, a.k.a. Sakura Wars (RPG series)",
90252,WORD_PRODUCT_NAME,,HIRAGANA_KATAKANA,,,ゼルダの伝説,ゼルダのでんせつ,,zerudanodensetsu,Legend of Zelda (seria RPG),GOTOWE
92016,WORD_PRODUCT_NAME,,HIRAGANA_KATAKANA,,,ナーズの復讐,ナーズのふくしゅう,,naazunofukushuu,Revenge of the Nerds,
92607,WORD_PRODUCT_NAME,,HIRAGANA_KATAKANA,,,ハンギョレ新聞,ハンギョレしんぶん,,hangyoreshinbun,Hankyoreh (Korean daily newspaper),
93870,WORD_PRODUCT_NAME,,HIRAGANA_KATAKANA,,,フーガの技法,フーガのぎほう,,fuuganogihou,The Art of the Fugue (J.S. Bach),
94093,WORD_PRODUCT_NAME,,HIRAGANA_KATAKANA,,,プログレッシブ和英中辞典,プログレッシブわえいじてん,,puroguresshibuwaeijiten,"""Progressive"" English-Japanese dictionary published by Shogakukan",
95692,WORD_PRODUCT_NAME,,HIRAGANA_KATAKANA,,,メガＣＤ,メガシーディー,,megashiidii,(Sega) Mega-CD (Mega Drive add-on) (US equiv: Sega-CD),
141801,WORD_PRODUCT_NAME,,HIRAGANA_KATAKANA,,,二人袴,ふたりばかま,,futaribakama,Futaribakama (komedia no),GOTOWE
153794,WORD_PRODUCT_NAME,,HIRAGANA_KATAKANA,,,今昔物語,こんじゃくものがたり,,konjakumonogatari,Konjaku Monogatari,
157463,WORD_PRODUCT_NAME,,HIRAGANA_KATAKANA,,,伊京集,いきょうしゅう,,ikyoushuu,Ikyoushuu (Muromachi-period dictionary),
161231,WORD_PRODUCT_NAME,,HIRAGANA_KATAKANA,,,伝灯録,でんとうろく,,dentouroku,"Chuandeng Lu (Record of the Transmission of the Lamp, 1004 CE Buddhist scripture)",
191296,WORD_PRODUCT_NAME,,HIRAGANA_KATAKANA,,,冬ソナ,ふゆソナ,,fuyusona,Winter Sonata (Korean television drama),
191295,WORD_PRODUCT_NAME,,HIRAGANA_KATAKANA,,,冬のソナタ,ふゆのソナタ,,fuyunosonata,Winter Sonata (Korean television drama),
191732,WORD_PRODUCT_NAME,,HIRAGANA_KATAKANA,,,冷えピタ,ひえピタ,,hiepita,cold pack (Lion brand name),
194653,WORD_PRODUCT_NAME,,HIRAGANA_KATAKANA,,,判断力批判,はんだんりょくひはん,,handanryokuhihan,"Kritik der Urteilskraft (Kant, 1790)",GOTOWE
203026,WORD_PRODUCT_NAME,,HIRAGANA_KATAKANA,,,勝手にしやがれ,かってにしやがれ,,kattenishiyagare,"Do utraty tchu (francuski film, 1959)",GOTOWE
215727,WORD_PRODUCT_NAME,,HIRAGANA_KATAKANA,,,南坊録,なんぼうろく,,nanbouroku,Nanbouroku (1593 text about the tea ceremony based on the teachings of Sen no Rikyuu),
216599,WORD_PRODUCT_NAME,,HIRAGANA_KATAKANA,,,南方録,なんぼうろく,,nanbouroku,Nanbouroku (1593 text about the tea ceremony based on the teachings of Sen no Rikyuu),
217824,WORD_PRODUCT_NAME,,HIRAGANA_KATAKANA,,,南総里見八犬伝,なんそうさとみはっけんでん,,nansousatomihakkenden,"Nansou Satomi Hakkenden (Eight Dog Chronicles, novel 1842)",
219857,WORD_PRODUCT_NAME,,HIRAGANA_KATAKANA,,,危険な関係,きけんなかんけい,,kikennakankei,"Dangerous Liaisons (novel, film)",
232032,WORD_PRODUCT_NAME,,HIRAGANA_KATAKANA,,,名犬ロンドン物語,めいけんロンドンものがたり,,meikenrondonmonogatari,"The Littlest Hobo (film 1958,TV series 1963-1965 and 1979-1985)",
232163,WORD_PRODUCT_NAME,,HIRAGANA_KATAKANA,,,名義抄,みょうぎしょう,,myougishou,"Myogisho (abbr. of Ruiju Myogisho, a Japanese-Chinese character dictionary from the late Heian Period)",
245622,WORD_PRODUCT_NAME,,HIRAGANA_KATAKANA,,,四十七士,しじゅうしちし,,shijuushichishi,47 roninów,GOTOWE
247149,WORD_PRODUCT_NAME,,HIRAGANA_KATAKANA,,,国富論,こくふろん,,kokufuron,An Inquiry into the Nature and Causes of the Wealth of Nations (Adam Smith),
275424,WORD_PRODUCT_NAME,,HIRAGANA_KATAKANA,,,大辞林,だいじりん,,daijirin,Daijirin (major dictionary published by Sanseidou),
275425,WORD_PRODUCT_NAME,,HIRAGANA_KATAKANA,,,大辞泉,だいじせん,,daijisen,Daijisen (dictionary published by Shogakukan),
284267,WORD_PRODUCT_NAME,,HIRAGANA_KATAKANA,,,女工哀史,じょこうあいし,,jokouaishi,"The Tragic History of Female Factory Workers (reportage by Wakizo Hosoi, 1925)",
284369,WORD_PRODUCT_NAME,,HIRAGANA_KATAKANA,,,女神転生,めがみてんせい,,megamitensei,Megami Tensei (popular RPG series from ATLUS),
290772,WORD_PRODUCT_NAME,,HIRAGANA_KATAKANA,,,宇宙大作戦,うちゅうだいさくせん,,uchuudaisakusen,Star Trek (Star Trek - The Original Series),
290786,WORD_PRODUCT_NAME,,HIRAGANA_KATAKANA,,,宇宙船エンタープライズ号,うちゅうせんエンタープライズごう,,uchuusen'entaapuraizugou,Spaceship Enterprise,
312197,WORD_PRODUCT_NAME,,HIRAGANA_KATAKANA,,,小公女,しょうこうじょ,,shoukoujo,A Little Princess (novel),
321080,WORD_PRODUCT_NAME,,HIRAGANA_KATAKANA,,,少年ジャンプ,しょうねんジャンプ,,shounenjanpu,Shounen Jump (weekly magazine),
351253,WORD_PRODUCT_NAME,,HIRAGANA_KATAKANA,,,広辞苑,こうじえん,,koujien,"Koujien (Japanese Dictionary, published by Iwanami)",
351345,WORD_PRODUCT_NAME,,HIRAGANA_KATAKANA,,,広韻,こういん,,kouin,Guangyun (Chinese rhyme dictionary compiled from 1007 to 1011 under Emperor Zhenzong of Song),
362568,WORD_PRODUCT_NAME,,HIRAGANA_KATAKANA,,,御前酒,ごぜんしゅ,,gozenshu,Gozenshu (brand name for a sake),
363534,WORD_PRODUCT_NAME,,HIRAGANA_KATAKANA,,,御湯殿上日記,おゆどののうえのにっき,,oyudononouenonikki,Oyudono no ue no nikki (Collection of diaries on the daily life in the imperial court),
386917,WORD_PRODUCT_NAME,,HIRAGANA_KATAKANA,,,摩訶婆羅多,マハーバーラタ,,mahaabaarata,"Mahabharata (Sanskrit Hindu epic, circa 400 CE)",
387141,WORD_PRODUCT_NAME,,HIRAGANA_KATAKANA,,,播磨国風土記,はりまのくにふどき,,harimanokunifudoki,"Harima Fudoki (description of the culture, climate, etc. of Harima province; 715 CE)",
387164,WORD_PRODUCT_NAME,,HIRAGANA_KATAKANA,,,播磨風土記,はりまふどき,,harimafudoki,"Harima Fudoki (description of the culture, climate, etc. of Harima province; 715 CE)",
387554,WORD_PRODUCT_NAME,,HIRAGANA_KATAKANA,,,攻殻機動隊,こうかくきどうたい,,koukakukidoutai,Ghost In The Shell (famous anime),
393541,WORD_PRODUCT_NAME,,HIRAGANA_KATAKANA,,,新共同訳,しんきょうどうやく,,shinkyoudouyaku,New Interconfessional Translation (of the Bible),
393835,WORD_PRODUCT_NAME,,HIRAGANA_KATAKANA,,,新和英大辞典,しんわえいだいじてん,,shinwaeidaijiten,New Japanese-English Dictionary (published by Kenkyusha),
395094,WORD_PRODUCT_NAME,,HIRAGANA_KATAKANA,,,新改訳,しんかいやく,,shinkaiyaku,New Japanese Bible,
395183,WORD_PRODUCT_NAME,,HIRAGANA_KATAKANA,,,新明解,しんめいかい,,shinmeikai,"Shinmeikai (słownik, skrót)",GOTOWE
395184,WORD_PRODUCT_NAME,,HIRAGANA_KATAKANA,,,新明解国語辞典,しんめいかいこくごじてん,,shinmeikaikokugojiten,Shinmeikai Kokugo Jiten,GOTOWE
396745,WORD_PRODUCT_NAME,,HIRAGANA_KATAKANA,,,新解さん,しんかいさん,,shinkaisan,(nickname) Shin Meikai kokugo jiten (Sanseido),
398850,WORD_PRODUCT_NAME,,HIRAGANA_KATAKANA,,,日国,にっこく,,nikkoku,(abbr) Nihon kokugo daijiten (famous Japanese dictionary published by Shogakukan),
399613,WORD_PRODUCT_NAME,,HIRAGANA_KATAKANA,,,日本国語大辞典,にほんこくごだいじてん,,nihonkokugodaijiten,Nihon kokugo dai jiten (famous Japanese dictionary published by Shogakukan),
400116,WORD_PRODUCT_NAME,,HIRAGANA_KATAKANA,,,日本語大辞典,にほんごだいじてん,,nihongodaijiten,Nihongo Daijiten (Japanese dictionary published by Kodansha),
400791,WORD_PRODUCT_NAME,,HIRAGANA_KATAKANA,,,日経新聞,にっけいしんぶん,,nikkeishinbun,Nihon Keizai Shimbun (gazeta),GOTOWE
407197,WORD_PRODUCT_NAME,,HIRAGANA_KATAKANA,,,明鏡国語辞典,めいきょうこくごじてん,,meikyoukokugojiten,Meikyo Kokugo (słownik),GOTOWE
433798,WORD_PRODUCT_NAME,,HIRAGANA_KATAKANA,,,東亜日報,とうあにっぽう,,touanippou,The Dong-a Ilbo (koreańska gazeta),GOTOWE
437137,WORD_PRODUCT_NAME,,HIRAGANA_KATAKANA,,,東洋経済新報,とうようけいざいしんぽう,,touyoukeizaishinpou,Toyo Keizai Shinpo (była finansowa gazeta),GOTOWE
466039,WORD_PRODUCT_NAME,,HIRAGANA_KATAKANA,,,機動戦士ガンダム,きどうせんしガンダム,,kidousenshigandamu,Kidou Senshi Gundam (anime),GOTOWE
472908,WORD_PRODUCT_NAME,,HIRAGANA_KATAKANA,,,毎日新聞,まいにちしんぶん,,mainichishinbun,Mainichi Shimbun (gazeta),GOTOWE
475848,WORD_PRODUCT_NAME,,HIRAGANA_KATAKANA,,,水滸伝,すいこでん,,suikoden,Opowieści znad brzegów rzek (klasyczna chińska literatura),GOTOWE
518669,WORD_PRODUCT_NAME,,HIRAGANA_KATAKANA,,,狭衣物語,さごろもものがたり,,sagoromomonogatari,The Tale of Sagoromo (ca 1060 CE),
520284,WORD_PRODUCT_NAME,,HIRAGANA_KATAKANA,,,獣王記,じゅうおうき,,juuouki,"Altered Beast (1989 Sega Arcade game, ported to Mega Drive (Genesis))",
534624,WORD_PRODUCT_NAME,,HIRAGANA_KATAKANA,,,男はつらいよ,おとこはつらいよ,,otokohatsuraiyo,Otoko Wa Tsurai Yo (long-running series of Japanese comedy movies),
544089,WORD_PRODUCT_NAME,,HIRAGANA_KATAKANA,,,相合袴,あいあいばかま,,aiaibakama,Aiaibakama (komedia no),GOTOWE
545938,WORD_PRODUCT_NAME,,HIRAGANA_KATAKANA,,,真・女神転生,しん・めがみてんせい,,shinmegamitensei,Shin Megami Tensei (immediate successor series to the original Megami Tensei RPG series),
556474,WORD_PRODUCT_NAME,,HIRAGANA_KATAKANA,,,研究社新和英大辞典,けんきゅうしゃしんわえいだいじてん,,kenkyuushashinwaeidaijiten,Kenkyusha's New Japanese-English Dictionary,
556984,WORD_PRODUCT_NAME,,HIRAGANA_KATAKANA,,,碧巌録,へきがんろく,,hekiganroku,Blue Cliff Record,
575044,WORD_PRODUCT_NAME,,HIRAGANA_KATAKANA,,,竹取翁の物語,たけとりのおきなのものがたり,,taketorinookinanomonogatari,Taketori-no-Okina no Monogatari (alternate name for Taketori Monogatari: The Tale of the Bamboo-Cutter),
581096,WORD_PRODUCT_NAME,,HIRAGANA_KATAKANA,,,米国科学アカデミー紀要,べいこくかがくアカデミーきよう,,beikokukagakuakademiikiyou,Proceedings of the National Academy of Sciences of the United States of America,
596852,WORD_PRODUCT_NAME,,HIRAGANA_KATAKANA,,,美女と野獣,びじょとやじゅう,,bijotoyajuu,Piękna i Bestia,GOTOWE
604196,WORD_PRODUCT_NAME,,HIRAGANA_KATAKANA,,,聖剣伝説,せいけんでんせつ,,seikendensetsu,"Seiken Densetsu (lit: Holy Sword Legend), a.k.a. ""... of Mana"" (RPG series)",
605709,WORD_PRODUCT_NAME,,HIRAGANA_KATAKANA,,,肥前国風土記,ひぜんのくにふどき,,hizennokunifudoki,"Hizen Fudoki (description of the culture, climate, etc. of Hizen province; approx. 732 CE)",
605728,WORD_PRODUCT_NAME,,HIRAGANA_KATAKANA,,,肥前風土記,ひぜんふどき,,hizenfudoki,"Hizen Fudoki (description of the culture, climate, etc. of Hizen province; approx. 732 CE)",
607709,WORD_PRODUCT_NAME,,HIRAGANA_KATAKANA,,,脳トレ,のうトレ,,noutore,Brain Training (computer game),
608039,WORD_PRODUCT_NAME,,HIRAGANA_KATAKANA,,,臨済録,りんざいろく,,rinzairoku,"Linji-lu (Record of Linji, Tang-era Buddhist text based on the teachings of Linji)",
619098,WORD_PRODUCT_NAME,,HIRAGANA_KATAKANA,,,英辞郎,えいじろう,,eijirou,Eijiro (computerized English-Japanese dictionary),
646881,WORD_PRODUCT_NAME,,HIRAGANA_KATAKANA,,,西洋哲学史,せいようてつがくし,,seiyoutetsugakushi,A History of Western Philosophy,
651046,WORD_PRODUCT_NAME,,HIRAGANA_KATAKANA,,,親指姫,おやゆびひめ,,oyayubihime,Thumbelina (Hans Christian Andersen story),
658690,WORD_PRODUCT_NAME,,HIRAGANA_KATAKANA,,,豊後国風土記,ぶんごのくにふどき,,bungonokunifudoki,"Bungo Fudoki (description of the culture, climate, etc. of Bungo province; 732 CE)",
658716,WORD_PRODUCT_NAME,,HIRAGANA_KATAKANA,,,豊後風土記,ぶんごふどき,,bungofudoki,"Bungo Fudoki (description of the culture, climate, etc. of Bungo province; 732 CE)",
664414,WORD_PRODUCT_NAME,,HIRAGANA_KATAKANA,,,赤穂浪士,あこうろうし,,akouroushi,47 roninów,GOTOWE
664421,WORD_PRODUCT_NAME,,HIRAGANA_KATAKANA,,,赤穂義士,あこうぎし,,akougishi,47 roninów,GOTOWE
666446,WORD_PRODUCT_NAME,,HIRAGANA_KATAKANA,,,踊る大捜査線,おどるだいそうさせん,,odorudaisousasen,Odoru Daisousasen (serial TV z 1997),GOTOWE
667982,WORD_PRODUCT_NAME,,HIRAGANA_KATAKANA,,,辞海,じかい,,jikai,"Ci Hai (encyklopedyczny słownik pierwotnie opublikowany w 1936, najnowsza edycja pochodzi z 1999)",GOTOWE
667984,WORD_PRODUCT_NAME,,HIRAGANA_KATAKANA,,,辞苑,じえん,,jien,Jien (prekursor słownika Kojien),GOTOWE
671382,WORD_PRODUCT_NAME,,HIRAGANA_KATAKANA,,,週刊文春,しゅうかんぶんしゅん,,shuukanbunshun,Shuukan Bunshun (tygodnik),GOTOWE
687988,WORD_PRODUCT_NAME,,HIRAGANA_KATAKANA,,,鉄拳,てっけん,,tekken,Tekken (lit: Iron Fist) (seria gier video),GOTOWE
689320,WORD_PRODUCT_NAME,,HIRAGANA_KATAKANA,,,鋼の錬金術師,はがねのれんきんじゅつし,,haganenorenkinjutsushi,Fullmetal Alchemist (anime),GOTOWE
714286,WORD_PRODUCT_NAME,,HIRAGANA_KATAKANA,,,類聚名義抄,るいじゅうみょうぎしょう,,ruijuumyougishou,Ruiju Myogisho (słownik znaków japońsko-chińskich pochodzący z późnej epoki Heian),GOTOWE
714287,WORD_PRODUCT_NAME,,HIRAGANA_KATAKANA,,,類聚名義抄,るいじゅみょうぎしょう,,ruijumyougishou,Ruiju Myogisho (słownik znaków japońsko-chińskich pochodzący z późnej epoki Heian),GOTOWE
714290,WORD_PRODUCT_NAME,,HIRAGANA_KATAKANA,,,類語実用辞典,るいごじつようじてん,,ruigojitsuyoujiten,słownik wyrazów bliskoznacznych opublikowany przez Sanseido,GOTOWE
714485,WORD_PRODUCT_NAME,,HIRAGANA_KATAKANA,,,風土記,ふどき,,fudoki,Fudoki (starożytne geograficzne i kulturowe zapiski pochodzące z każdej prowincji spisane na początku 8-go wieku),GOTOWE
714778,WORD_PRODUCT_NAME,,HIRAGANA_KATAKANA,,,風立ちぬ,かぜたちぬ,,kazetachinu,"Ride Like The Wind (piosenka, powieść)",GOTOWE
723770,WORD_PRODUCT_NAME,,HIRAGANA_KATAKANA,,,高橋名人の冒険島,たかはしめいじんのぼうけんじま,,takahashimeijinnoboukenjima,Adventure Island (gra video),GOTOWE
