4576,WORD_NAME,,HIRAGANA_KATAKANA,,,-,あおゐ,,ao,Aoi (Aowi),,,
14396,WORD_NAME,,HIRAGANA_KATAKANA,,,-,あくま,,akuma,Akuma,,,
14560,WORD_NAME,,HIRAGANA_KATAKANA,,,-,あぐむ,,agumu,Agumu,,,
24580,WORD_NAME,,HIRAGANA_KATAKANA,,,-,あづま,,aduma,Adzuma,,,
25701,WORD_NAME,,HIRAGANA_KATAKANA,,,-,あふひ,,afuhi,Aui (Afuhi),,,
26042,WORD_NAME,,HIRAGANA_KATAKANA,,,-,あべこ,,abeko,Abeko,,,
33100,WORD_NAME,,HIRAGANA_KATAKANA,,,-,あらえびす,,araebisu,Araebisu,,,
36349,WORD_NAME,,HIRAGANA_KATAKANA,,,-,あるい,,arui,Arui,,,
45904,WORD_NAME,,HIRAGANA_KATAKANA,,,-,いし,,ishi,Ishi,,,
50872,WORD_NAME,,HIRAGANA_KATAKANA,,,-,いそゑ,,iso,Isoe (Isowe),,,
53402,WORD_NAME,,HIRAGANA_KATAKANA,,,-,いちのび,,ichinobi,Ichinobi,,,
60875,WORD_NAME,,HIRAGANA_KATAKANA,,,-,いはを,,ihawo,Iwao (Iwawo),,,
67790,WORD_NAME,,HIRAGANA_KATAKANA,,,-,ういよ,,uiyo,Uiyo,,,
77724,WORD_NAME,,HIRAGANA_KATAKANA,,,-,うみを,,umiwo,Umio (Umiwo),,,
78621,WORD_NAME,,HIRAGANA_KATAKANA,,,-,うめを,,umewo,Umeo (Umewo),,,
84385,WORD_NAME,,HIRAGANA_KATAKANA,,,-,えっそ,,esso,Esso,,,
84433,WORD_NAME,,HIRAGANA_KATAKANA,,,-,えっへん,,ehhen,Ehhen,,,
84672,WORD_NAME,,HIRAGANA_KATAKANA,,,-,えつとむ,,etsutomu,Etsutomu,,,
88633,WORD_NAME,,HIRAGANA_KATAKANA,,,-,えりぬ,,erinu,Erinu,,,
89701,WORD_NAME,,HIRAGANA_KATAKANA,,,-,えんね,,enne,Enne,,,
89949,WORD_NAME,,HIRAGANA_KATAKANA,,,-,えーもん,,eemon,E-mon,,,
108153,WORD_NAME,,HIRAGANA_KATAKANA,,,-,おさゐ,,osa,Osai (Osawi),,,
110697,WORD_NAME,,HIRAGANA_KATAKANA,,,-,おてる,,oteru,Oteru,,,
113761,WORD_NAME,,HIRAGANA_KATAKANA,,,-,おぼん,,obon,Obon,,,
114229,WORD_NAME,,HIRAGANA_KATAKANA,,,-,おもちゃ,,omocha,Omocha,,,
114723,WORD_NAME,,HIRAGANA_KATAKANA,,,-,おらい,,orai,Orai,,,
129288,WORD_NAME,,HIRAGANA_KATAKANA,,,-,かずを,,kazuwo,Kazuo (Kazuwo),,,
131826,WORD_NAME,,HIRAGANA_KATAKANA,,,-,かつじ,,katsuji,Katsuji,,,
132111,WORD_NAME,,HIRAGANA_KATAKANA,,,-,かつぢ,,katsudi,Katsudji,,,
133858,WORD_NAME,,HIRAGANA_KATAKANA,,,-,かつを,,katsuwo,Katsuo (Katsuwo),,,
133875,WORD_NAME,,HIRAGANA_KATAKANA,,,-,かづえ,,kadue,Kazue,,,
137730,WORD_NAME,,HIRAGANA_KATAKANA,,,-,かぬう,,kanuu,Kanuu,,,
139339,WORD_NAME,,HIRAGANA_KATAKANA,,,-,かねゑ,,kane,Kanee (Kanewe),,,
149445,WORD_NAME,,HIRAGANA_KATAKANA,,,-,かめ,,kame,Kame,,,
150119,WORD_NAME,,HIRAGANA_KATAKANA,,,-,かめを,,kamewo,Kameo (Kamewo),,,
156950,WORD_NAME,,HIRAGANA_KATAKANA,,,-,かゑ,,ka,Kae (Kawe),,,
160586,WORD_NAME,,HIRAGANA_KATAKANA,,,-,がなり,,ganari,Ganari,,,
163664,WORD_NAME,,HIRAGANA_KATAKANA,,,-,きくを,,kikuwo,Kikuo (Kikuwo),,,
170468,WORD_NAME,,HIRAGANA_KATAKANA,,,-,きちかう,,kichikau,Kichikou,,,
171121,WORD_NAME,,HIRAGANA_KATAKANA,,,-,きつね,,kitsune,Kitsune,,,
171214,WORD_NAME,,HIRAGANA_KATAKANA,,,-,きつよ,,kitsuyo,Kitsuyo,,,
172212,WORD_NAME,,HIRAGANA_KATAKANA,,,-,きねを,,kinewo,Kineo (Kinewo),,,
175491,WORD_NAME,,HIRAGANA_KATAKANA,,,-,きやう,,kiyau,Kyou,,,
180928,WORD_NAME,,HIRAGANA_KATAKANA,,,-,きよなみ,,kiyonami,Kiyonami,,,
181844,WORD_NAME,,HIRAGANA_KATAKANA,,,-,きよを,,kiyowo,Kiyoo (Kiyowo),,,
183338,WORD_NAME,,HIRAGANA_KATAKANA,,,-,きゐ,,ki,Kii (Kiwi),,,
183343,WORD_NAME,,HIRAGANA_KATAKANA,,,-,きを,,kiwo,Kio (Kiwo),,,
184770,WORD_NAME,,HIRAGANA_KATAKANA,,,-,きんに,,kinni,Kinni,,,
192059,WORD_NAME,,HIRAGANA_KATAKANA,,,-,くにゑ,,kuni,Kunie (Kuniwe),,,
193814,WORD_NAME,,HIRAGANA_KATAKANA,,,-,くまゑ,,kuma,Kumae (Kumawe),,,
195952,WORD_NAME,,HIRAGANA_KATAKANA,,,-,くらよ,,kurayo,Kurayo,,,
196016,WORD_NAME,,HIRAGANA_KATAKANA,,,-,くり,,kuri,Kuri,,,
199790,WORD_NAME,,HIRAGANA_KATAKANA,,,-,ぐみお,,gumio,Gumio,,,
203317,WORD_NAME,,HIRAGANA_KATAKANA,,,-,けうら,,keura,Keura,,,
203552,WORD_NAME,,HIRAGANA_KATAKANA,,,-,けさゑ,,kesa,Kesae (Kesawe),,,
203581,WORD_NAME,,HIRAGANA_KATAKANA,,,-,けしを,,keshiwo,Keshio (Keshiwo),,,
203683,WORD_NAME,,HIRAGANA_KATAKANA,,,-,けっけ,,kekke,Kekke,,,
204012,WORD_NAME,,HIRAGANA_KATAKANA,,,-,けゑ,,ke,Kee (Kewe),,,
208077,WORD_NAME,,HIRAGANA_KATAKANA,,,-,げんゆ,,gen'yu,Gen'yu,,,
219007,WORD_NAME,,HIRAGANA_KATAKANA,,,-,こおじ,,kooji,Kouji,,,
219295,WORD_NAME,,HIRAGANA_KATAKANA,,,-,こから,,kokara,Kokara,,,
222345,WORD_NAME,,HIRAGANA_KATAKANA,,,-,こしら,,koshira,Koshira,,,
222938,WORD_NAME,,HIRAGANA_KATAKANA,,,-,こすゑ,,kosu,Kosue (Kosuwe),,,
223940,WORD_NAME,,HIRAGANA_KATAKANA,,,-,こちま,,kochima,Kochima,,,
223963,WORD_NAME,,HIRAGANA_KATAKANA,,,-,こちょう,,kochou,Kochou,,,
224317,WORD_NAME,,HIRAGANA_KATAKANA,,,-,こてふ,,kotefu,Kochou,,,
225149,WORD_NAME,,HIRAGANA_KATAKANA,,,-,ことも,,kotomo,Kotomo,,,
225271,WORD_NAME,,HIRAGANA_KATAKANA,,,-,ことゑ,,koto,Kotoe (Kotowe),,,
230633,WORD_NAME,,HIRAGANA_KATAKANA,,,-,これかよ,,korekayo,Korekayo,,,
231129,WORD_NAME,,HIRAGANA_KATAKANA,,,-,こゐと,,koto,Koito (Kowito),,,
235332,WORD_NAME,,HIRAGANA_KATAKANA,,,-,さあち,,saachi,Saachi,,,
237866,WORD_NAME,,HIRAGANA_KATAKANA,,,-,さうめ,,saume,Saume,,,
238363,WORD_NAME,,HIRAGANA_KATAKANA,,,-,さえじ,,saeji,Saeji,,,
240406,WORD_NAME,,HIRAGANA_KATAKANA,,,-,さかへ,,sakahe,Sakahe,,,
242912,WORD_NAME,,HIRAGANA_KATAKANA,,,-,さきゑ,,saki,Sakie (Sakiwe),,,
244693,WORD_NAME,,HIRAGANA_KATAKANA,,,-,さくゑ,,saku,Sakue (Sakuwe),,,
246104,WORD_NAME,,HIRAGANA_KATAKANA,,,-,ささよ,,sasayo,Sasayo,,,
246150,WORD_NAME,,HIRAGANA_KATAKANA,,,-,ささを,,sasawo,Sasao (Sasawo),,,
246847,WORD_NAME,,HIRAGANA_KATAKANA,,,-,さたよ,,satayo,Satayo,,,
248053,WORD_NAME,,HIRAGANA_KATAKANA,,,-,さだゑ,,sada,Sadae (Sadawe),,,
248662,WORD_NAME,,HIRAGANA_KATAKANA,,,-,さちゆう,,sachiyuu,Sachiyuu,,,
255025,WORD_NAME,,HIRAGANA_KATAKANA,,,-,さらのめ,,saranome,Saranome,,,
258721,WORD_NAME,,HIRAGANA_KATAKANA,,,-,さゝを,,sawo,Sasao (Sasawo),,,
258959,WORD_NAME,,HIRAGANA_KATAKANA,,,-,ざこば,,zakoba,Zakoba,,,
259024,WORD_NAME,,HIRAGANA_KATAKANA,,,-,ざぼう,,zabou,Zabou,,,
259564,WORD_NAME,,HIRAGANA_KATAKANA,,,-,しうか,,shiuka,Shuuka,,,
261304,WORD_NAME,,HIRAGANA_KATAKANA,,,-,しか,,shika,Shika,,,
262646,WORD_NAME,,HIRAGANA_KATAKANA,,,-,しくゑ,,shiku,Shikue (Shikuwe),,,
267984,WORD_NAME,,HIRAGANA_KATAKANA,,,-,しっぽ,,shippo,Shippo,,,
268365,WORD_NAME,,HIRAGANA_KATAKANA,,,-,しづゑ,,shidu,Shizue (Shidzuwe),,,
268369,WORD_NAME,,HIRAGANA_KATAKANA,,,-,しづを,,shiduwo,Shizuo (Shidzuwo),,,
268386,WORD_NAME,,HIRAGANA_KATAKANA,,,-,してん,,shiten,Shiten,,,
268597,WORD_NAME,,HIRAGANA_KATAKANA,,,-,しとゑ,,shito,Shitoe (Shitowe),,,
280089,WORD_NAME,,HIRAGANA_KATAKANA,,,-,しゅうか,,shuuka,Shuuka,,,
281305,WORD_NAME,,HIRAGANA_KATAKANA,,,-,しゅうる,,shuuru,Shuuru,,,
281940,WORD_NAME,,HIRAGANA_KATAKANA,,,-,しゅら,,shura,Shura,,,
283138,WORD_NAME,,HIRAGANA_KATAKANA,,,-,しゆら,,shiyura,Shura,,,
286368,WORD_NAME,,HIRAGANA_KATAKANA,,,-,しょうち,,shouchi,Shouchi,,,
295003,WORD_NAME,,HIRAGANA_KATAKANA,,,-,しんべー,,shinbee,Shinbe-,,,
309718,WORD_NAME,,HIRAGANA_KATAKANA,,,-,すずろく,,suzuroku,Suzuroku,,,
309931,WORD_NAME,,HIRAGANA_KATAKANA,,,-,すづね,,sudune,Sudzune,,,
313149,WORD_NAME,,HIRAGANA_KATAKANA,,,-,すゑよ,,suyo,Sueyo (Suweyo),,,
313223,WORD_NAME,,HIRAGANA_KATAKANA,,,-,すゞへ,,suhe,Suzue,,,
313375,WORD_NAME,,HIRAGANA_KATAKANA,,,-,ずいらん,,zuiran,Zuiran,,,
320454,WORD_NAME,,HIRAGANA_KATAKANA,,,-,せつを,,setsuwo,Setsuo (Setsuwo),,,
321835,WORD_NAME,,HIRAGANA_KATAKANA,,,-,せをち,,sewochi,Shouchi (Sewochi),,,
328361,WORD_NAME,,HIRAGANA_KATAKANA,,,-,そおし,,sooshi,Sooshi,,,
328365,WORD_NAME,,HIRAGANA_KATAKANA,,,-,そおた,,soota,Soota,,,
328845,WORD_NAME,,HIRAGANA_KATAKANA,,,-,そそ,,soso,Soso,,,
329399,WORD_NAME,,HIRAGANA_KATAKANA,,,-,そとり,,sotori,Sotori,,,
330023,WORD_NAME,,HIRAGANA_KATAKANA,,,-,そのゑ,,sono,Sonoe (Sonowe),,,
331081,WORD_NAME,,HIRAGANA_KATAKANA,,,-,そりや,,soriya,Soriya,,,
331289,WORD_NAME,,HIRAGANA_KATAKANA,,,-,そーいち,,sooichi,So-ichi,,,
336139,WORD_NAME,,HIRAGANA_KATAKANA,,,-,たかじん,,takajin,Takajin,,,
342501,WORD_NAME,,HIRAGANA_KATAKANA,,,-,たきを,,takiwo,Takio (Takiwo),,,
349670,WORD_NAME,,HIRAGANA_KATAKANA,,,-,ただを,,tadawo,Tadao (Tadawo),,,
350327,WORD_NAME,,HIRAGANA_KATAKANA,,,-,たっかん,,takkan,Takkan,,,
352041,WORD_NAME,,HIRAGANA_KATAKANA,,,-,たつろ,,tatsuro,Tatsuro,,,
352080,WORD_NAME,,HIRAGANA_KATAKANA,,,-,たづ,,tadu,Tazu,,,
352170,WORD_NAME,,HIRAGANA_KATAKANA,,,-,たづゑ,,tadu,Tazue (Tadzuwe),,,
355928,WORD_NAME,,HIRAGANA_KATAKANA,,,-,たへ,,tahe,Tahe,,,
357216,WORD_NAME,,HIRAGANA_KATAKANA,,,-,たまもも,,tamamomo,Tamamomo,,,
357357,WORD_NAME,,HIRAGANA_KATAKANA,,,-,たまゑ,,tama,Tamae (Tamawe),,,
357542,WORD_NAME,,HIRAGANA_KATAKANA,,,-,たみじん,,tamijin,Tamijin,,,
358615,WORD_NAME,,HIRAGANA_KATAKANA,,,-,たりた,,tarita,Tarita,,,
359277,WORD_NAME,,HIRAGANA_KATAKANA,,,-,たんくろう,,tankurou,Tankurou,,,
362202,WORD_NAME,,HIRAGANA_KATAKANA,,,-,だてこき,,datekoki,Datekoki,,,
362308,WORD_NAME,,HIRAGANA_KATAKANA,,,-,だらにすけ,,daranisuke,Daranisuke,,,
363123,WORD_NAME,,HIRAGANA_KATAKANA,,,-,ちうじ,,chiuji,Chuuji,,,
364768,WORD_NAME,,HIRAGANA_KATAKANA,,,-,ちかゑ,,chika,Chikae (Chikawe),,,
365419,WORD_NAME,,HIRAGANA_KATAKANA,,,-,ちげ,,chige,Chige,,,
366728,WORD_NAME,,HIRAGANA_KATAKANA,,,-,ちてき,,chiteki,Chiteki,,,
366752,WORD_NAME,,HIRAGANA_KATAKANA,,,-,ちとえ,,chitoe,Chitoe,,,
367965,WORD_NAME,,HIRAGANA_KATAKANA,,,-,ちほろ,,chihoro,Chihoro,,,
369007,WORD_NAME,,HIRAGANA_KATAKANA,,,-,ちゅうじ,,chuuji,Chuuji,,,
369513,WORD_NAME,,HIRAGANA_KATAKANA,,,-,ちょう,,chou,Chou,,,
371569,WORD_NAME,,HIRAGANA_KATAKANA,,,-,ちゑの,,chino,Chieno (Chiweno),,,
371737,WORD_NAME,,HIRAGANA_KATAKANA,,,-,ちゝろ,,chiro,Chichiro,,,
371741,WORD_NAME,,HIRAGANA_KATAKANA,,,-,ちーめい,,chiimei,Chi-mei,,,
371778,WORD_NAME,,HIRAGANA_KATAKANA,,,-,ぢぬ,,dinu,Dzinu,,,
375390,WORD_NAME,,HIRAGANA_KATAKANA,,,-,つたゑ,,tsuta,Tsutae (Tsutawe),,,
377099,WORD_NAME,,HIRAGANA_KATAKANA,,,-,つなゑ,,tsuna,Tsunae (Tsunawe),,,
377104,WORD_NAME,,HIRAGANA_KATAKANA,,,-,つに,,tsuni,Tsuni,,,
378141,WORD_NAME,,HIRAGANA_KATAKANA,,,-,つねゑ,,tsune,Tsunee (Tsunewe),,,
379481,WORD_NAME,,HIRAGANA_KATAKANA,,,-,つもも,,tsumomo,Tsumomo,,,
380978,WORD_NAME,,HIRAGANA_KATAKANA,,,-,つんく,,tsunku,Tsunku,,,
382072,WORD_NAME,,HIRAGANA_KATAKANA,,,-,てっぱん,,teppan,Teppan,,,
386729,WORD_NAME,,HIRAGANA_KATAKANA,,,-,でんでん,,denden,Denden,,,
390796,WORD_NAME,,HIRAGANA_KATAKANA,,,-,とおる,,tooru,Tooru,,,
397578,WORD_NAME,,HIRAGANA_KATAKANA,,,-,とすゑ,,tosu,Tosue (Tosuwe),,,
397590,WORD_NAME,,HIRAGANA_KATAKANA,,,-,とせ,,tose,Tose,,,
398079,WORD_NAME,,HIRAGANA_KATAKANA,,,-,とちひこ,,tochihiko,Tochihiko,,,
399264,WORD_NAME,,HIRAGANA_KATAKANA,,,-,とのゑ,,tono,Tonoe (Tonowe),,,
401624,WORD_NAME,,HIRAGANA_KATAKANA,,,-,とめを,,tomewo,Tomeo (Tomewo),,,
404453,WORD_NAME,,HIRAGANA_KATAKANA,,,-,ともらん,,tomoran,Tomoran,,,
404970,WORD_NAME,,HIRAGANA_KATAKANA,,,-,とよかよ,,toyokayo,Toyokayo,,,
405910,WORD_NAME,,HIRAGANA_KATAKANA,,,-,とよむ,,toyomu,Toyomu,,,
405962,WORD_NAME,,HIRAGANA_KATAKANA,,,-,とよゑ,,toyo,Toyoe (Toyowe),,,
406303,WORD_NAME,,HIRAGANA_KATAKANA,,,-,とらゑ,,tora,Torae (Torawe),,,
407020,WORD_NAME,,HIRAGANA_KATAKANA,,,-,とりよ,,toriyo,Toriyo,,,
407249,WORD_NAME,,HIRAGANA_KATAKANA,,,-,とんこう,,tonkou,Tonkou,,,
417885,WORD_NAME,,HIRAGANA_KATAKANA,,,-,なかゑ,,naka,Nakae (Nakawe),,,
424976,WORD_NAME,,HIRAGANA_KATAKANA,,,-,なひか,,nahika,Nahika,,,
426308,WORD_NAME,,HIRAGANA_KATAKANA,,,-,なみへ,,namihe,Namihe,,,
426361,WORD_NAME,,HIRAGANA_KATAKANA,,,-,なみゆ,,namiyu,Namiyu,,,
427220,WORD_NAME,,HIRAGANA_KATAKANA,,,-,ならみ,,narami,Narami,,,
428884,WORD_NAME,,HIRAGANA_KATAKANA,,,-,なを,,nawo,Nao (Nawo),,,
428886,WORD_NAME,,HIRAGANA_KATAKANA,,,-,なをい,,nawoi,Naoi (Nawoi),,,
429613,WORD_NAME,,HIRAGANA_KATAKANA,,,-,なゝを,,nawo,Nanao (Nanawo),,,
441058,WORD_NAME,,HIRAGANA_KATAKANA,,,-,ぬくむ,,nukumu,Nukumu,,,
441809,WORD_NAME,,HIRAGANA_KATAKANA,,,-,ぬゑ,,nu,Nue (Nuwe),,,
442858,WORD_NAME,,HIRAGANA_KATAKANA,,,-,ねぼけや,,nebokeya,Nebokeya,,,
443339,WORD_NAME,,HIRAGANA_KATAKANA,,,-,のいと,,noito,Noito,,,
443354,WORD_NAME,,HIRAGANA_KATAKANA,,,-,のいる,,noiru,Noiru,,,
443355,WORD_NAME,,HIRAGANA_KATAKANA,,,-,のいろ,,noiro,Noiro,,,
444451,WORD_NAME,,HIRAGANA_KATAKANA,,,-,のこま,,nokoma,Nokoma,,,
448343,WORD_NAME,,HIRAGANA_KATAKANA,,,-,のほし,,nohoshi,Nohoshi,,,
448942,WORD_NAME,,HIRAGANA_KATAKANA,,,-,のゆむ,,noyumu,Noyumu,,,
448973,WORD_NAME,,HIRAGANA_KATAKANA,,,-,のらく,,noraku,Noraku,,,
451517,WORD_NAME,,HIRAGANA_KATAKANA,,,-,のりを,,noriwo,Norio (Nworiwo),,,
451616,WORD_NAME,,HIRAGANA_KATAKANA,,,-,のんき,,nonki,Nonki,,,
452892,WORD_NAME,,HIRAGANA_KATAKANA,,,-,はぎゑ,,hagi,Hagie (Hagiwe),,,
454097,WORD_NAME,,HIRAGANA_KATAKANA,,,-,はしえ,,hashie,Hashie (Hashiwe),,,
454891,WORD_NAME,,HIRAGANA_KATAKANA,,,-,はしゑ,,hashi,Hashie (Hashiwe),,,
458840,WORD_NAME,,HIRAGANA_KATAKANA,,,-,はつを,,hatsuwo,Hatsuo (Hatsuwo),,,
458926,WORD_NAME,,HIRAGANA_KATAKANA,,,-,はづゑ,,hadu,Hadzue (Hadzuwe),,,
462671,WORD_NAME,,HIRAGANA_KATAKANA,,,-,はまゑ,,hama,Hamae (Hamawe),,,
467810,WORD_NAME,,HIRAGANA_KATAKANA,,,-,はるゐ,,haru,Harui (Haruwi),,,
479769,WORD_NAME,,HIRAGANA_KATAKANA,,,-,ひちろ,,hichiro,Hichiro,,,
482208,WORD_NAME,,HIRAGANA_KATAKANA,,,-,ひとゑ,,hito,Hitoe (Hitowe),,,
483029,WORD_NAME,,HIRAGANA_KATAKANA,,,-,ひねのり,,hinenori,Hinenori,,,
483746,WORD_NAME,,HIRAGANA_KATAKANA,,,-,ひはり,,hihari,Hihari,,,
484233,WORD_NAME,,HIRAGANA_KATAKANA,,,-,ひみあ,,himia,Himia,,,
493503,WORD_NAME,,HIRAGANA_KATAKANA,,,-,ひろを,,hirowo,Hiroo (Hirowo),,,
495096,WORD_NAME,,HIRAGANA_KATAKANA,,,-,ふうふ,,fuufu,Fuufu,,,
496618,WORD_NAME,,HIRAGANA_KATAKANA,,,-,ふきゑ,,fuki,Fukie (Fukiwe),,,
498664,WORD_NAME,,HIRAGANA_KATAKANA,,,-,ふけみ,,fukemi,Fukemi,,,
501990,WORD_NAME,,HIRAGANA_KATAKANA,,,-,ふじを,,fujiwo,Fujio (Fujiwo),,,
503324,WORD_NAME,,HIRAGANA_KATAKANA,,,-,ふぢ,,fudi,Fuji,,,
506635,WORD_NAME,,HIRAGANA_KATAKANA,,,-,ふよの,,fuyono,Fuyono,,,
510201,WORD_NAME,,HIRAGANA_KATAKANA,,,-,べかこ,,bekako,Bekako,,,
513026,WORD_NAME,,HIRAGANA_KATAKANA,,,-,ほうれんそ,,hourenso,Hourenso,,,
516134,WORD_NAME,,HIRAGANA_KATAKANA,,,-,ほのほ,,honoho,Honoo,,,
516342,WORD_NAME,,HIRAGANA_KATAKANA,,,-,ほみゑ,,homi,Homie (Homiwe),,,
517412,WORD_NAME,,HIRAGANA_KATAKANA,,,-,ほろりん,,hororin,Hororin,,,
518595,WORD_NAME,,HIRAGANA_KATAKANA,,,-,ほーじん,,hoojin,Ho-jin,,,
518788,WORD_NAME,,HIRAGANA_KATAKANA,,,-,ぼうず,,bouzu,Bouzu,,,
519312,WORD_NAME,,HIRAGANA_KATAKANA,,,-,ぼんち,,bonchi,Bonchi,,,
519386,WORD_NAME,,HIRAGANA_KATAKANA,,,-,ぽてち,,potechi,Potechi,,,
519388,WORD_NAME,,HIRAGANA_KATAKANA,,,-,ぽとす,,potosu,Potosu,,,
520456,WORD_NAME,,HIRAGANA_KATAKANA,,,-,まうらん,,mauran,Mauran,,,
523693,WORD_NAME,,HIRAGANA_KATAKANA,,,-,まきを,,makiwo,Makio (Makiwo),,,
529680,WORD_NAME,,HIRAGANA_KATAKANA,,,-,ましゑ,,mashi,Mashie (Mashiwe),,,
532300,WORD_NAME,,HIRAGANA_KATAKANA,,,-,まちヱ,,machi,Machie (Machiwe),,,
536274,WORD_NAME,,HIRAGANA_KATAKANA,,,-,まなけん,,manaken,Manaken,,,
536439,WORD_NAME,,HIRAGANA_KATAKANA,,,-,まなふゆ,,manafuyu,Manafuyu,,,
537444,WORD_NAME,,HIRAGANA_KATAKANA,,,-,まほかる,,mahokaru,Mahokaru,,,
546356,WORD_NAME,,HIRAGANA_KATAKANA,,,-,みきゑ,,miki,Mikie (Mikiwe),,,
550748,WORD_NAME,,HIRAGANA_KATAKANA,,,-,みずを,,mizuwo,Mizuo (Mizuwo),,,
553683,WORD_NAME,,HIRAGANA_KATAKANA,,,-,みちら,,michira,Michira,,,
553783,WORD_NAME,,HIRAGANA_KATAKANA,,,-,みちゐ,,michi,Michii (Miciwi),,,
556880,WORD_NAME,,HIRAGANA_KATAKANA,,,-,みつを,,mitsuwo,Mitsuo (Mitsuwo),,,
557052,WORD_NAME,,HIRAGANA_KATAKANA,,,-,みづめ,,midume,Midzume,,,
557068,WORD_NAME,,HIRAGANA_KATAKANA,,,-,みてい,,mitei,Mitei,,,
563880,WORD_NAME,,HIRAGANA_KATAKANA,,,-,みのを,,minowo,Minoo (Minowo),,,
570150,WORD_NAME,,HIRAGANA_KATAKANA,,,-,みよゑ,,miyo,Miyoe (Miyowe),,,
572844,WORD_NAME,,HIRAGANA_KATAKANA,,,-,むしゅこ,,mushuko,Mushuko,,,
573568,WORD_NAME,,HIRAGANA_KATAKANA,,,-,むつゑ,,mutsu,Mutsue (Mutsuwe),,,
573569,WORD_NAME,,HIRAGANA_KATAKANA,,,-,むつを,,mutsuwo,Mutsuo (Mutsuwo),,,
574390,WORD_NAME,,HIRAGANA_KATAKANA,,,-,むめよ,,mumeyo,Mumeyo,,,
575435,WORD_NAME,,HIRAGANA_KATAKANA,,,-,むらゑ,,mura,Murae (Murawe),,,
576691,WORD_NAME,,HIRAGANA_KATAKANA,,,-,めえり,,meeri,Meeri,,,
578958,WORD_NAME,,HIRAGANA_KATAKANA,,,-,もこみち,,mokomichi,Mokomichi,,,
578966,WORD_NAME,,HIRAGANA_KATAKANA,,,-,もさね,,mosane,Mosane,,,
579534,WORD_NAME,,HIRAGANA_KATAKANA,,,-,もちる,,mochiru,Mochiru,,,
579583,WORD_NAME,,HIRAGANA_KATAKANA,,,-,もつこ,,motsuko,Motsuko,,,
579600,WORD_NAME,,HIRAGANA_KATAKANA,,,-,もつら,,motsura,Motsura,,,
586387,WORD_NAME,,HIRAGANA_KATAKANA,,,-,もゝよ,,moyo,Momoyo,,,
593013,WORD_NAME,,HIRAGANA_KATAKANA,,,-,やちゑ,,yachi,Yachie (Yachiwe),,,
599836,WORD_NAME,,HIRAGANA_KATAKANA,,,-,やよゑ,,yayo,Yayoe (Yayowe),,,
603322,WORD_NAME,,HIRAGANA_KATAKANA,,,-,ゆうちん,,yuuchin,Yuuchin,,,
608910,WORD_NAME,,HIRAGANA_KATAKANA,,,-,ゆぞ,,yuzo,Yuzo,,,
613301,WORD_NAME,,HIRAGANA_KATAKANA,,,-,ゆーた,,yuuta,Yu-ta,,,
613352,WORD_NAME,,HIRAGANA_KATAKANA,,,-,よいじ,,yoiji,Yoiji,,,
616139,WORD_NAME,,HIRAGANA_KATAKANA,,,-,よさゑ,,yosa,Yosae (Yosawe),,,
626222,WORD_NAME,,HIRAGANA_KATAKANA,,,-,よふ,,yofu,You,,,
627323,WORD_NAME,,HIRAGANA_KATAKANA,,,-,よろこぶ,,yorokobu,Yorokobu,,,
627802,WORD_NAME,,HIRAGANA_KATAKANA,,,-,らいちょう,,raichou,Raichou,,,
628294,WORD_NAME,,HIRAGANA_KATAKANA,,,-,らっきょ,,rakkyo,Rakkyo,,,
631237,WORD_NAME,,HIRAGANA_KATAKANA,,,-,りそ,,riso,Riso,,,
632233,WORD_NAME,,HIRAGANA_KATAKANA,,,-,りやう,,riyau,Ryou,,,
637765,WORD_NAME,,HIRAGANA_KATAKANA,,,-,るみゑ,,rumi,Rumie (Rumiwe),,,
646498,WORD_NAME,,HIRAGANA_KATAKANA,,,-,わんや,,wan'ya,Wan'ya,,,
646503,WORD_NAME,,HIRAGANA_KATAKANA,,,-,ゐおり,,ori,Iori (Wiori),,,
646504,WORD_NAME,,HIRAGANA_KATAKANA,,,-,ゐく,,ku,Iku (Wiku),,,
646507,WORD_NAME,,HIRAGANA_KATAKANA,,,-,ゐさ,,sa,Isa (Wisa),,,
646508,WORD_NAME,,HIRAGANA_KATAKANA,,,-,ゐさお,,sao,Isao (Wisao),,,
646510,WORD_NAME,,HIRAGANA_KATAKANA,,,-,ゐさを,,sawo,Isao (Wisawo),,,
646511,WORD_NAME,,HIRAGANA_KATAKANA,,,-,ゐせ,,se,Ise (Wise),,,
646512,WORD_NAME,,HIRAGANA_KATAKANA,,,-,ゐつ,,tsu,Itsu (Witsu),,,
646513,WORD_NAME,,HIRAGANA_KATAKANA,,,-,ゐと,,to,Ito (Wito),,,
646514,WORD_NAME,,HIRAGANA_KATAKANA,,,-,ゐね,,ne,Ine (Wine),,,
646516,WORD_NAME,,HIRAGANA_KATAKANA,,,-,ゐよ,,yo,Iyo (Wiyo),,,
646518,WORD_NAME,,HIRAGANA_KATAKANA,,,-,ゐを,,wo,Io (Wiwo),,,
646520,WORD_NAME,,HIRAGANA_KATAKANA,,,-,ゐをり,,wori,Iori (Wiwori),,,
646523,WORD_NAME,,HIRAGANA_KATAKANA,,,-,ゑい,,i,Ei (Wei),,,
646526,WORD_NAME,,HIRAGANA_KATAKANA,,,-,ゑつ,,tsu,Etsu (Wetsu),,,
646528,WORD_NAME,,HIRAGANA_KATAKANA,,,-,ゑと,,to,Eto (Weto),,,
646530,WORD_NAME,,HIRAGANA_KATAKANA,,,-,ゑなよ,,nayo,Enayo (Wenayo),,,
646532,WORD_NAME,,HIRAGANA_KATAKANA,,,-,ゑまひ,,mahi,Emahi (Wemahi),,,
646537,WORD_NAME,,HIRAGANA_KATAKANA,,,-,ゑん,,n,En (Wen),,,
646549,WORD_NAME,,HIRAGANA_KATAKANA,,,-,をせん,,wosen,Osen (Wosen),,,
646551,WORD_NAME,,HIRAGANA_KATAKANA,,,-,をだまき,,wodamaki,Odamaki (Wodamaki),,,
646561,WORD_NAME,,HIRAGANA_KATAKANA,,,-,をとや,,wotoya,Otoya (Wotoya),,,
646564,WORD_NAME,,HIRAGANA_KATAKANA,,,-,をの,,wono,Ono (Wono),,,
646574,WORD_NAME,,HIRAGANA_KATAKANA,,,-,をわり,,wowari,Owari (Wowari),,,
646836,WORD_NAME,,HIRAGANA_KATAKANA,,,-,アイリス,,airisu,Iris,,,
646842,WORD_NAME,,HIRAGANA_KATAKANA,,,-,アイリン,,airin,Airin,,,
646845,WORD_NAME,,HIRAGANA_KATAKANA,,,-,アイリーン,,airiin,Aileen,,,
647099,WORD_NAME,,HIRAGANA_KATAKANA,,,-,アキヲ,,akiwo,Akio (Akiwo),,,
647398,WORD_NAME,,HIRAGANA_KATAKANA,,,-,アジオ,,ajio,Ajio,,,
647652,WORD_NAME,,HIRAGANA_KATAKANA,,,-,アチャコ,,achako,Achako,,,
647759,WORD_NAME,,HIRAGANA_KATAKANA,,,-,アツヒト,,atsuhito,Atsuhito,,,
647828,WORD_NAME,,HIRAGANA_KATAKANA,,,-,アトム,,atomu,Atomu,,,
647860,WORD_NAME,,HIRAGANA_KATAKANA,,,-,アドニス,,adonisu,Adonis,,,
648184,WORD_NAME,,HIRAGANA_KATAKANA,,,-,アフロディテ,,afurodite,Aphrodite,,,
648242,WORD_NAME,,HIRAGANA_KATAKANA,,,-,アブドル,,abudoru,Abdul,,,
648375,WORD_NAME,,HIRAGANA_KATAKANA,,,-,アポロ,,aporo,Apollo,,,
648403,WORD_NAME,,HIRAGANA_KATAKANA,,,-,アマデウス,,amadeusu,Amadeus,,,
649416,"WORD_NAME
WORD_PLACE",,HIRAGANA_KATAKANA,,,-,アルマ,,aruma,Aruma,,,
649623,WORD_NAME,,HIRAGANA_KATAKANA,,,-,アレックス,,arekkusu,Alex,,,
649826,"WORD_NAME
WORD_PLACE",,HIRAGANA_KATAKANA,,,-,アンジェラ,,anjera,Angela,,,
650225,WORD_NAME,,HIRAGANA_KATAKANA,,,-,アンラッキー,,anrakkii,Anrakki-,,,
650308,WORD_NAME,,HIRAGANA_KATAKANA,,,-,アーサー,,aasaa,Arthur,,,
650430,WORD_NAME,,HIRAGANA_KATAKANA,,,-,アーマ,,aama,Irma,,,
650434,WORD_NAME,,HIRAGANA_KATAKANA,,,-,アーマディウス,,aamadiusu,Amadeus,,,
650437,WORD_NAME,,HIRAGANA_KATAKANA,,,-,アーマンド,,aamando,Armand,,,
650473,WORD_NAME,,HIRAGANA_KATAKANA,,,-,アーリーン,,aariin,Arlene,,,
650655,WORD_NAME,,HIRAGANA_KATAKANA,,,-,イエス,,iesu,Iesu,,,
650861,WORD_NAME,,HIRAGANA_KATAKANA,,,-,イサオ,,isao,Isao,,,
650873,WORD_NAME,,HIRAGANA_KATAKANA,,,-,イサト,,isato,Isato,,,
650881,WORD_NAME,,HIRAGANA_KATAKANA,,,-,イサム,,isamu,Isamu,,,
650911,WORD_NAME,,HIRAGANA_KATAKANA,,,-,イザム,,izamu,Izamu,,,
650935,WORD_NAME,,HIRAGANA_KATAKANA,,,-,イシマエル,,ishimaeru,Ishmael,,,
650950,WORD_NAME,,HIRAGANA_KATAKANA,,,-,イシュメイル,,ishumeiru,Ishmael,,,
650951,WORD_NAME,,HIRAGANA_KATAKANA,,,-,イシュメール,,ishumeeru,Ishmael,,,
650972,WORD_NAME,,HIRAGANA_KATAKANA,,,-,イジリー,,ijirii,Ijiri-,,,
651085,WORD_NAME,,HIRAGANA_KATAKANA,,,-,イセオ,,iseo,Iseo,,,
651197,WORD_NAME,,HIRAGANA_KATAKANA,,,-,イチノ,,ichino,Ichino,,,
651211,"WORD_NAME
WORD_PERSON",,HIRAGANA_KATAKANA,,,-,イチロー,,ichiroo,Ichiro-,,,
651219,WORD_NAME,,HIRAGANA_KATAKANA,,,-,イッコウ,,ikkou,Ikkou,,,
651225,WORD_NAME,,HIRAGANA_KATAKANA,,,-,イッセー,,issee,Isse-,,,
651285,WORD_NAME,,HIRAGANA_KATAKANA,,,-,イトヨ,,itoyo,Itoyo,,,
651302,WORD_NAME,,HIRAGANA_KATAKANA,,,-,イナ,,ina,Ina,,,
651630,WORD_NAME,,HIRAGANA_KATAKANA,,,-,イラ,,ira,Ira,,,
651827,WORD_NAME,,HIRAGANA_KATAKANA,,,-,イワオ,,iwao,Iwao,,,
651834,WORD_NAME,,HIRAGANA_KATAKANA,,,-,イワシ,,iwashi,Iwashi,,,
651857,WORD_NAME,,HIRAGANA_KATAKANA,,,-,イワン,,iwan,Iwan,,,
651930,WORD_NAME,,HIRAGANA_KATAKANA,,,-,インゲボルグ,,ingeborugu,Ingeborugu (Ingeborg),,,
653965,WORD_NAME,,HIRAGANA_KATAKANA,,,-,ウタリアン,,utarian,Utarian,,,
654299,"WORD_NAME
WORD_PLACE",,HIRAGANA_KATAKANA,,,-,ウラジーミル,,urajiimiru,Uraji-miru,,,
654520,WORD_NAME,,HIRAGANA_KATAKANA,,,-,ウルリケ,,ururike,Ulrike,,,
654747,WORD_NAME,,HIRAGANA_KATAKANA,,,-,エィンジェル,,einjeru,Einjeru (Angel?),,,
654748,WORD_NAME,,HIRAGANA_KATAKANA,,,-,エイ,,ei,Ei,,,
654780,WORD_NAME,,HIRAGANA_KATAKANA,,,-,エイスケ,,eisuke,Eisuke,,,
655290,WORD_NAME,,HIRAGANA_KATAKANA,,,-,エダ,,eda,Eda,,,
655317,WORD_NAME,,HIRAGANA_KATAKANA,,,-,エヂ,,edi,Edzi,,,
655457,WORD_NAME,,HIRAGANA_KATAKANA,,,-,エト,,eto,Eto,,,
655564,"WORD_NAME
WORD_SURNAME_NAME",,HIRAGANA_KATAKANA,,,-,エドワード,,edowaado,Edowa-do (Edward),,,
655600,WORD_NAME,,HIRAGANA_KATAKANA,,,-,エニシ,,enishi,Enishi,,,
655633,WORD_NAME,,HIRAGANA_KATAKANA,,,-,エバ,,eba,Eba,,,
655875,WORD_NAME,,HIRAGANA_KATAKANA,,,-,エミナ,,emina,Emina,,,
655887,WORD_NAME,,HIRAGANA_KATAKANA,,,-,エミリオ,,emirio,Emirio,,,
655897,WORD_NAME,,HIRAGANA_KATAKANA,,,-,エミー,,emii,Emi-,,,
656101,WORD_NAME,,HIRAGANA_KATAKANA,,,-,エル,,eru,Eru,,,
656145,WORD_NAME,,HIRAGANA_KATAKANA,,,-,エルケ,,eruke,Eruke,,,
656175,WORD_NAME,,HIRAGANA_KATAKANA,,,-,エルジェーベト,,erujeebeto,Eruje-beto,,,
656654,WORD_NAME,,HIRAGANA_KATAKANA,,,-,エンタツ,,entatsu,Entatsu,,,
656806,WORD_NAME,,HIRAGANA_KATAKANA,,,-,エージ,,eeji,E-ji,,,
656810,WORD_NAME,,HIRAGANA_KATAKANA,,,-,エース,,eesu,E-su,,,
656816,WORD_NAME,,HIRAGANA_KATAKANA,,,-,エータロー,,eetaroo,E-taro-,,,
656943,WORD_NAME,,HIRAGANA_KATAKANA,,,-,オイ,,oi,Oi,,,
657150,WORD_NAME,,HIRAGANA_KATAKANA,,,-,オクレ,,okure,Okure,,,
657253,WORD_NAME,,HIRAGANA_KATAKANA,,,-,オサム,,osamu,Osamu,,,
657854,WORD_NAME,,HIRAGANA_KATAKANA,,,-,オフィーリア,,ofiiria,Ophelia,,,
659111,WORD_NAME,,HIRAGANA_KATAKANA,,,-,カイル,,kairu,Kairu,,,
659473,WORD_NAME,,HIRAGANA_KATAKANA,,,-,カスキ,,kasuki,Kasuki,,,
659637,WORD_NAME,,HIRAGANA_KATAKANA,,,-,カズオ,,kazuo,Kazuo,,,
659712,WORD_NAME,,HIRAGANA_KATAKANA,,,-,カタリン,,katarin,Katarin,,,
659713,WORD_NAME,,HIRAGANA_KATAKANA,,,-,カタリーナ,,katariina,Katari-na,,,
659896,WORD_NAME,,HIRAGANA_KATAKANA,,,-,カヅヨ,,kaduyo,Kadzuyo,,,
659897,WORD_NAME,,HIRAGANA_KATAKANA,,,-,カヅヱ,,kadu,Kazue (Kazuwe),,,
660167,WORD_NAME,,HIRAGANA_KATAKANA,,,-,カノヱ,,kano,Kanoe (Kanowe),,,
661238,WORD_NAME,,HIRAGANA_KATAKANA,,,-,カルビ,,karubi,Karubi,,,
661449,"WORD_NAME
WORD_PLACE",,HIRAGANA_KATAKANA,,,-,カレン,,karen,Karen,,,
661527,WORD_NAME,,HIRAGANA_KATAKANA,,,-,カワスジー,,kawasujii,Kawasuji-,,,
662215,WORD_NAME,,HIRAGANA_KATAKANA,,,-,ガイチ,,gaichi,Gaichi,,,
663210,WORD_NAME,,HIRAGANA_KATAKANA,,,-,キクイ,,kikui,Kikui,,,
663236,WORD_NAME,,HIRAGANA_KATAKANA,,,-,キサブロー,,kisaburoo,Kisaburo-,,,
663268,WORD_NAME,,HIRAGANA_KATAKANA,,,-,キジ,,kiji,Kiji,,,
663299,WORD_NAME,,HIRAGANA_KATAKANA,,,-,キセノ,,kiseno,Kiseno,,,
663303,WORD_NAME,,HIRAGANA_KATAKANA,,,-,キセヲ,,kisewo,Kiseo (Kisewo),,,
663334,WORD_NAME,,HIRAGANA_KATAKANA,,,-,キック,,kikku,Kikku,,,
663372,WORD_NAME,,HIRAGANA_KATAKANA,,,-,キツエ,,kitsue,Kitsue,,,
663414,WORD_NAME,,HIRAGANA_KATAKANA,,,-,キナラブック,,kinarabukku,Kinarabukku,,,
663416,WORD_NAME,,HIRAGANA_KATAKANA,,,-,キナヲ,,kinawo,Kinao (Kinawo),,,
663427,WORD_NAME,,HIRAGANA_KATAKANA,,,-,キヌコ,,kinuko,Kinuko,,,
663470,WORD_NAME,,HIRAGANA_KATAKANA,,,-,キフヨ,,kifuyo,Kifuyo,,,
663584,WORD_NAME,,HIRAGANA_KATAKANA,,,-,キャスパー,,kyasupaa,Casper,,,
663765,WORD_NAME,,HIRAGANA_KATAKANA,,,-,キヤ,,kiya,Kiya,,,
663897,WORD_NAME,,HIRAGANA_KATAKANA,,,-,キヨニ,,kiyoni,Kiyoni,,,
664082,"WORD_NAME
WORD_PLACE",,HIRAGANA_KATAKANA,,,-,キン,,kin,Kin,,,
664157,WORD_NAME,,HIRAGANA_KATAKANA,,,-,キンタロー,,kintaroo,Kintaro-,,,
664307,WORD_NAME,,HIRAGANA_KATAKANA,,,-,ギサブロー,,gisaburoo,Gisaburo-,,,
664365,WORD_NAME,,HIRAGANA_KATAKANA,,,-,ギドー,,gidoo,Gido-,,,
664520,WORD_NAME,,HIRAGANA_KATAKANA,,,-,ギュウゾウ,,gyuuzou,Gyuuzou,,,
664607,WORD_NAME,,HIRAGANA_KATAKANA,,,-,ギリヤーク,,giriyaaku,Giriya-ku,,,
665214,WORD_NAME,,HIRAGANA_KATAKANA,,,-,クニエ,,kunie,Kunie,,,
665216,WORD_NAME,,HIRAGANA_KATAKANA,,,-,クニオ,,kunio,Kunio,,,
665387,WORD_NAME,,HIRAGANA_KATAKANA,,,-,クミヱ,,kumi,Kumie (Kumiwe),,,
665836,WORD_NAME,,HIRAGANA_KATAKANA,,,-,クラーラ,,kuraara,Kura-ra,,,
665861,WORD_NAME,,HIRAGANA_KATAKANA,,,-,クリエ,,kurie,Kurie,,,
665926,WORD_NAME,,HIRAGANA_KATAKANA,,,-,クリスチーヌ,,kurisuchiinu,Kurisuchi-nu,,,
668467,WORD_NAME,,HIRAGANA_KATAKANA,,,-,グレート,,gureeto,Gure-to,,,
668872,WORD_NAME,,HIRAGANA_KATAKANA,,,-,ケウ,,keu,Kyou,,,
669106,"WORD_NAME
WORD_PLACE",,HIRAGANA_KATAKANA,,,-,ケミ,,kemi,Kemi (Finland),,,
669178,WORD_NAME,,HIRAGANA_KATAKANA,,,-,ケルスティン,,kerusutin,Kerusutein,,,
669274,WORD_NAME,,HIRAGANA_KATAKANA,,,-,ケンジ,,kenji,Kenji,,,
669290,WORD_NAME,,HIRAGANA_KATAKANA,,,-,ケンヂ,,kendi,Kenji,,,
669341,WORD_NAME,,HIRAGANA_KATAKANA,,,-,ケンヤ,,ken'ya,Kenya,,,
669505,WORD_NAME,,HIRAGANA_KATAKANA,,,-,ゲイリー,,geirii,Gary,,,
669905,WORD_NAME,,HIRAGANA_KATAKANA,,,-,コウイチ,,kouichi,Kouichi,,,
669917,WORD_NAME,,HIRAGANA_KATAKANA,,,-,コウタロー,,koutaroo,Koutaro-,,,
669951,WORD_NAME,,HIRAGANA_KATAKANA,,,-,コオ,,koo,Koo,,,
670396,WORD_NAME,,HIRAGANA_KATAKANA,,,-,コテツ,,kotetsu,Kotetsu,,,
670410,WORD_NAME,,HIRAGANA_KATAKANA,,,-,コトエ,,kotoe,Kotoe,,,
670532,WORD_NAME,,HIRAGANA_KATAKANA,,,-,コハキ,,kohaki,Kohaki,,,
670687,WORD_NAME,,HIRAGANA_KATAKANA,,,-,コポアヌ,,kopoanu,Kopoanu,,,
670808,WORD_NAME,,HIRAGANA_KATAKANA,,,-,コヨリ,,koyori,Koyori,,,
671102,WORD_NAME,,HIRAGANA_KATAKANA,,,-,コルネリア,,koruneria,Koruneria,,,
671441,WORD_NAME,,HIRAGANA_KATAKANA,,,-,コンスタンディナ,,konsutandina,Konsutandina,,,
671621,WORD_NAME,,HIRAGANA_KATAKANA,,,-,コーイチ,,kooichi,Ko-ichi,,,
671640,WORD_NAME,,HIRAGANA_KATAKANA,,,-,コーコ,,kooko,Ko-ko,,,
671653,WORD_NAME,,HIRAGANA_KATAKANA,,,-,コージ,,kooji,Ko-ji,,,
671669,WORD_NAME,,HIRAGANA_KATAKANA,,,-,コータ,,koota,Ko-ta,,,
671672,WORD_NAME,,HIRAGANA_KATAKANA,,,-,コータロー,,kootaroo,Ko-taro-,,,
671977,WORD_NAME,,HIRAGANA_KATAKANA,,,-,ゴゼイ,,gozei,Gozei,,,
672159,WORD_NAME,,HIRAGANA_KATAKANA,,,-,ゴリけん,,goriken,Goriken,,,
672194,WORD_NAME,,HIRAGANA_KATAKANA,,,-,ゴルゴロ,,gorugoro,Gorugoro,,,
672280,WORD_NAME,,HIRAGANA_KATAKANA,,,-,ゴロ,,goro,Goro,,,
672306,WORD_NAME,,HIRAGANA_KATAKANA,,,-,ゴロー,,goroo,Goro-,,,
672734,WORD_NAME,,HIRAGANA_KATAKANA,,,-,サカヱ,,saka,Sakae (Sakawe),,,
672739,WORD_NAME,,HIRAGANA_KATAKANA,,,-,サガウ,,sagau,Sagau,,,
672756,WORD_NAME,,HIRAGANA_KATAKANA,,,-,サキコ,,sakiko,Sakiko,,,
672800,WORD_NAME,,HIRAGANA_KATAKANA,,,-,サクヱ,,saku,Sakue (Sakuwe),,,
672829,WORD_NAME,,HIRAGANA_KATAKANA,,,-,ササヨ,,sasayo,Sasayo,,,
672916,WORD_NAME,,HIRAGANA_KATAKANA,,,-,サダノ,,sadano,Sadano,,,
672933,WORD_NAME,,HIRAGANA_KATAKANA,,,-,サチホ,,sachiho,Sachiho,,,
673017,WORD_NAME,,HIRAGANA_KATAKANA,,,-,サツエ,,satsue,Satsue,,,
673018,WORD_NAME,,HIRAGANA_KATAKANA,,,-,サツオ,,satsuo,Satsuo,,,
673027,WORD_NAME,,HIRAGANA_KATAKANA,,,-,サツヨ,,satsuyo,Satsuyo,,,
673030,WORD_NAME,,HIRAGANA_KATAKANA,,,-,サツヱ,,satsu,Satsue (Satsuwe),,,
673277,WORD_NAME,,HIRAGANA_KATAKANA,,,-,サブロー,,saburoo,Sabouraud,,,
673524,WORD_NAME,,HIRAGANA_KATAKANA,,,-,サラソティ,,sarasoti,Sarasoti,,,
674829,WORD_NAME,,HIRAGANA_KATAKANA,,,-,ザウルス,,zaurusu,Zaurusu,,,
675214,WORD_NAME,,HIRAGANA_KATAKANA,,,-,シアン,,shian,Sian,,,
675298,WORD_NAME,,HIRAGANA_KATAKANA,,,-,シェスティン,,shesutin,Shesutin,,,
675592,WORD_NAME,,HIRAGANA_KATAKANA,,,-,シエ,,shie,Shie,,,
675683,WORD_NAME,,HIRAGANA_KATAKANA,,,-,シキミ,,shikimi,Shikimi,,,
675728,WORD_NAME,,HIRAGANA_KATAKANA,,,-,シケコ,,shikeko,Shikeko,,,
675749,WORD_NAME,,HIRAGANA_KATAKANA,,,-,シゲミ,,shigemi,Shigemi,,,
675753,WORD_NAME,,HIRAGANA_KATAKANA,,,-,シゲル,,shigeru,Shigeru,,,
675853,WORD_NAME,,HIRAGANA_KATAKANA,,,-,シズヱ,,shizu,Shizue (Shizuwe),,,
675973,WORD_NAME,,HIRAGANA_KATAKANA,,,-,シツヱ,,shitsu,Shitsue (Shitsuwe),,,
676547,WORD_NAME,,HIRAGANA_KATAKANA,,,-,シャヌレ,,shanure,Shanure,,,
676961,WORD_NAME,,HIRAGANA_KATAKANA,,,-,シャーラ,,shaara,Sha-ra,,,
677000,WORD_NAME,,HIRAGANA_KATAKANA,,,-,シャーン,,shaan,Sha-n,,,
677965,WORD_NAME,,HIRAGANA_KATAKANA,,,-,ショウジ,,shouji,Shouji,,,
678061,WORD_NAME,,HIRAGANA_KATAKANA,,,-,ショーキチ,,shookichi,Sho-kichi,,,
678067,WORD_NAME,,HIRAGANA_KATAKANA,,,-,ショージ,,shooji,Sho-ji,,,
678387,WORD_NAME,,HIRAGANA_KATAKANA,,,-,シロミ,,shiromi,Shiromi,,,
678392,WORD_NAME,,HIRAGANA_KATAKANA,,,-,シロー,,shiroo,Shiro,,,
678672,WORD_NAME,,HIRAGANA_KATAKANA,,,-,シーリ,,shiiri,Shi-ri,,,
678743,WORD_NAME,,HIRAGANA_KATAKANA,,,-,ジェイド,,jeido,Jade,,,
678881,WORD_NAME,,HIRAGANA_KATAKANA,,,-,ジェフロワ,,jefurowa,Geoffroy,,,
679028,WORD_NAME,,HIRAGANA_KATAKANA,,,-,ジェンス,,jensu,Jens,,,
679029,WORD_NAME,,HIRAGANA_KATAKANA,,,-,ジェンズ,,jenzu,Jens,,,
679110,WORD_NAME,,HIRAGANA_KATAKANA,,,-,ジェーン,,jeen,Jane,,,
679395,WORD_NAME,,HIRAGANA_KATAKANA,,,-,ジャクリーン,,jakuriin,Jakuri-n,,,
679852,WORD_NAME,,HIRAGANA_KATAKANA,,,-,ジュサブロー,,jusaburoo,Jusaburo-,,,
679883,WORD_NAME,,HIRAGANA_KATAKANA,,,-,ジュディー,,judii,Judi,,,
679898,WORD_NAME,,HIRAGANA_KATAKANA,,,-,ジュニー,,junii,Juni,,,
679967,WORD_NAME,,HIRAGANA_KATAKANA,,,-,ジュリオ,,jurio,Jurio,,,
680044,WORD_NAME,,HIRAGANA_KATAKANA,,,-,ジューン,,juun,Ju-n,,,
680065,WORD_NAME,,HIRAGANA_KATAKANA,,,-,ジョイス,,joisu,Joisu,,,
680266,WORD_NAME,,HIRAGANA_KATAKANA,,,-,ジョン,,jon,Jon,,,
680391,WORD_NAME,,HIRAGANA_KATAKANA,,,-,ジョー,,joo,Jo,,,
680400,WORD_NAME,,HIRAGANA_KATAKANA,,,-,ジョージ,,jooji,George,,,
680592,WORD_NAME,,HIRAGANA_KATAKANA,,,-,ジロ,,jiro,Jiro,,,
680610,WORD_NAME,,HIRAGANA_KATAKANA,,,-,ジロー,,jiroo,Jiro,,,
680800,WORD_NAME,,HIRAGANA_KATAKANA,,,-,スウ,,suu,Suu,,,
681020,WORD_NAME,,HIRAGANA_KATAKANA,,,-,スガキ,,sugaki,Sugaki,,,
681326,WORD_NAME,,HIRAGANA_KATAKANA,,,-,スジ,,suji,Suji,,,
681346,WORD_NAME,,HIRAGANA_KATAKANA,,,-,スズコ,,suzuko,Suzuko,,,
681714,WORD_NAME,,HIRAGANA_KATAKANA,,,-,スヅ,,sudu,Sudzu,,,
682415,WORD_NAME,,HIRAGANA_KATAKANA,,,-,スハル,,suharu,Suharu,,,
682862,WORD_NAME,,HIRAGANA_KATAKANA,,,-,スミシ,,sumishi,Sumishi,,,
682909,WORD_NAME,,HIRAGANA_KATAKANA,,,-,スメ,,sume,Sume,,,
683467,WORD_NAME,,HIRAGANA_KATAKANA,,,-,ズデンカ,,zudenka,Zudenka,,,
683676,WORD_NAME,,HIRAGANA_KATAKANA,,,-,セキノ,,sekino,Sekino,,,
683784,WORD_NAME,,HIRAGANA_KATAKANA,,,-,セチ,,sechi,Sechi,,,
683940,WORD_NAME,,HIRAGANA_KATAKANA,,,-,セビル,,sebiru,Sebiru,,,
684455,WORD_NAME,,HIRAGANA_KATAKANA,,,-,センリ,,senri,Senri,,,
684783,WORD_NAME,,HIRAGANA_KATAKANA,,,-,ソウルダッド,,sourudaddo,Soledad,,,
684887,WORD_NAME,,HIRAGANA_KATAKANA,,,-,ソニア,,sonia,Sonia,,,
685016,WORD_NAME,,HIRAGANA_KATAKANA,,,-,ソランジュ,,soranju,Soranju,,,
685516,WORD_NAME,,HIRAGANA_KATAKANA,,,-,タイヨ,,taiyo,Taiyo,,,
685625,WORD_NAME,,HIRAGANA_KATAKANA,,,-,タカオ,,takao,Takao,,,
685630,WORD_NAME,,HIRAGANA_KATAKANA,,,-,タカシ,,takashi,Takashi,,,
685632,WORD_NAME,,HIRAGANA_KATAKANA,,,-,タカシマ,,takashima,Takashima,,,
685652,WORD_NAME,,HIRAGANA_KATAKANA,,,-,タカヤス,,takayasu,Takayasu,,,
685686,WORD_NAME,,HIRAGANA_KATAKANA,,,-,タク,,taku,Taku,,,
685701,WORD_NAME,,HIRAGANA_KATAKANA,,,-,タクミ,,takumi,Takumi,,,
685711,WORD_NAME,,HIRAGANA_KATAKANA,,,-,タグ,,tagu,Tagu,,,
685727,WORD_NAME,,HIRAGANA_KATAKANA,,,-,タケシ,,takeshi,Takeshi,,,
685729,WORD_NAME,,HIRAGANA_KATAKANA,,,-,タケジ,,takeji,Takeji,,,
685736,WORD_NAME,,HIRAGANA_KATAKANA,,,-,タケル,,takeru,Takeru,,,
685833,WORD_NAME,,HIRAGANA_KATAKANA,,,-,タダオ,,tadao,Tadao,,,
685835,WORD_NAME,,HIRAGANA_KATAKANA,,,-,タダシ,,tadashi,Tadashi,,,
685839,WORD_NAME,,HIRAGANA_KATAKANA,,,-,タダヨ,,tadayo,Tadayo,,,
685910,WORD_NAME,,HIRAGANA_KATAKANA,,,-,タツマ,,tatsuma,Tatsuma,,,
685911,WORD_NAME,,HIRAGANA_KATAKANA,,,-,タツミ,,tatsumi,Tatsumi,,,
685912,WORD_NAME,,HIRAGANA_KATAKANA,,,-,タツヤ,,tatsuya,Tatsuya,,,
685960,WORD_NAME,,HIRAGANA_KATAKANA,,,-,タナイヌ,,tanainu,Tanainu,,,
686004,WORD_NAME,,HIRAGANA_KATAKANA,,,-,タノ,,tano,Tano,,,
686107,WORD_NAME,,HIRAGANA_KATAKANA,,,-,タマオ,,tamao,Tamao,,,
686166,WORD_NAME,,HIRAGANA_KATAKANA,,,-,タメ,,tame,Tame,,,
686189,"WORD_NAME
WORD_PLACE",,HIRAGANA_KATAKANA,,,-,タラ,,tara,Tara,,,
686202,WORD_NAME,,HIRAGANA_KATAKANA,,,-,タラコ,,tarako,Tarako,,,
686280,WORD_NAME,,HIRAGANA_KATAKANA,,,-,タリコナ,,tarikona,Tarikona,,,
686292,WORD_NAME,,HIRAGANA_KATAKANA,,,-,タリヨ,,tariyo,Tariyo,,,
686385,WORD_NAME,,HIRAGANA_KATAKANA,,,-,タレ,,tare,Tare,,,
686705,WORD_NAME,,HIRAGANA_KATAKANA,,,-,ダイマル,,daimaru,Daimaru,,,
686969,WORD_NAME,,HIRAGANA_KATAKANA,,,-,ダニー,,danii,Danny,,,
687384,WORD_NAME,,HIRAGANA_KATAKANA,,,-,ダンナ,,danna,Danna,,,
687961,WORD_NAME,,HIRAGANA_KATAKANA,,,-,チカラ,,chikara,Chikara,,,
687963,WORD_NAME,,HIRAGANA_KATAKANA,,,-,チカヲ,,chikawo,Chikao (Chikawo),,,
688086,WORD_NAME,,HIRAGANA_KATAKANA,,,-,チック,,chikku,Chikku,,,
688228,WORD_NAME,,HIRAGANA_KATAKANA,,,-,チマリ,,chimari,Chimari,,,
688314,WORD_NAME,,HIRAGANA_KATAKANA,,,-,チャゲ,,chage,Chage,,,
688354,WORD_NAME,,HIRAGANA_KATAKANA,,,-,チャック,,chakku,Chakku,,,
688566,WORD_NAME,,HIRAGANA_KATAKANA,,,-,チャー,,chaa,Cha,,,
688944,WORD_NAME,,HIRAGANA_KATAKANA,,,-,チヨヱ,,chiyo,Chiyoe (Chiyowe),,,
689314,WORD_NAME,,HIRAGANA_KATAKANA,,,-,ツイ,,tsui,Tsui,,,
689504,WORD_NAME,,HIRAGANA_KATAKANA,,,-,ツタヱ,,tsuta,Tsutae (Tsutawe),,,
689554,WORD_NAME,,HIRAGANA_KATAKANA,,,-,ツネオ,,tsuneo,Tsuneo,,,
689607,WORD_NAME,,HIRAGANA_KATAKANA,,,-,ツマ,,tsuma,Tsuma,,,
689629,WORD_NAME,,HIRAGANA_KATAKANA,,,-,ツモ,,tsumo,Tsumo,,,
689706,WORD_NAME,,HIRAGANA_KATAKANA,,,-,ツルヲ,,tsuruwo,Tsuruo (Tsuruwo),,,
690166,WORD_NAME,,HIRAGANA_KATAKANA,,,-,テオドラ,,teodora,Teodora,,,
690295,WORD_NAME,,HIRAGANA_KATAKANA,,,-,テツヤ,,tetsuya,Tetsuya,,,
690297,WORD_NAME,,HIRAGANA_KATAKANA,,,-,テツロー,,tetsuroo,Tetsuro,,,
690299,WORD_NAME,,HIRAGANA_KATAKANA,,,-,テツヲ,,tetsuwo,Tetsuo (Tetsuwo),,,
690362,WORD_NAME,,HIRAGANA_KATAKANA,,,-,テフ,,tefu,Tefu,,,
690513,WORD_NAME,,HIRAGANA_KATAKANA,,,-,テルエ,,terue,Terue,,,
690516,WORD_NAME,,HIRAGANA_KATAKANA,,,-,テルオ,,teruo,Teruo,,,
690592,WORD_NAME,,HIRAGANA_KATAKANA,,,-,テレジア,,terejia,Terejia,,,
690653,WORD_NAME,,HIRAGANA_KATAKANA,,,-,テント,,tento,Tento,,,
690681,WORD_NAME,,HIRAGANA_KATAKANA,,,-,テンホー,,tenhoo,Tenho,,,
691198,WORD_NAME,,HIRAGANA_KATAKANA,,,-,デイビッド,,deibiddo,David,,,
691201,WORD_NAME,,HIRAGANA_KATAKANA,,,-,デイブ,,deibu,Dave,,,
691215,WORD_NAME,,HIRAGANA_KATAKANA,,,-,デイル,,deiru,Dale,,,
691224,WORD_NAME,,HIRAGANA_KATAKANA,,,-,デイヴ,,deivu,Dave,,,
691514,WORD_NAME,,HIRAGANA_KATAKANA,,,-,デビット,,debitto,Debitto,,,
692300,WORD_NAME,,HIRAGANA_KATAKANA,,,-,デーブ,,deebu,Dave,,,
692335,WORD_NAME,,HIRAGANA_KATAKANA,,,-,デーヴ,,deevu,Dave,,,
692605,WORD_NAME,,HIRAGANA_KATAKANA,,,-,トウ,,tou,Tou,,,
692660,WORD_NAME,,HIRAGANA_KATAKANA,,,-,トオル,,tooru,Tooru,,,
692692,WORD_NAME,,HIRAGANA_KATAKANA,,,-,トキノ,,tokino,Tokino,,,
692697,WORD_NAME,,HIRAGANA_KATAKANA,,,-,トキヱ,,toki,Tokie (Tokiwe),,,
692760,WORD_NAME,,HIRAGANA_KATAKANA,,,-,トシコ,,toshiko,Toshiko,,,
692767,WORD_NAME,,HIRAGANA_KATAKANA,,,-,トシロー,,toshiroo,Toshiro,,,
692809,WORD_NAME,,HIRAGANA_KATAKANA,,,-,トッコ,,tokko,Tokko,,,
692831,WORD_NAME,,HIRAGANA_KATAKANA,,,-,トッポ,,toppo,Toppo,,,
693052,WORD_NAME,,HIRAGANA_KATAKANA,,,-,トミノ,,tomino,Tomino,,,
693063,WORD_NAME,,HIRAGANA_KATAKANA,,,-,トム,,tomu,Tom,,,
693116,WORD_NAME,,HIRAGANA_KATAKANA,,,-,トモコ,,tomoko,Tomoko,,,
693120,WORD_NAME,,HIRAGANA_KATAKANA,,,-,トモミ,,tomomi,Tomomi,,,
693125,WORD_NAME,,HIRAGANA_KATAKANA,,,-,トモロヲ,,tomorowo,Tomoroo (Tomorowo),,,
693141,WORD_NAME,,HIRAGANA_KATAKANA,,,-,トヨコ,,toyoko,Toyoko,,,
693159,WORD_NAME,,HIRAGANA_KATAKANA,,,-,トヨノ,,toyono,Toyono,,,
693162,WORD_NAME,,HIRAGANA_KATAKANA,,,-,トヨミ,,toyomi,Toyomi,,,
693637,WORD_NAME,,HIRAGANA_KATAKANA,,,-,トレス,,toresu,Toresu,,,
693966,WORD_NAME,,HIRAGANA_KATAKANA,,,-,トンボ,,tonbo,Tonbo,,,
693988,WORD_NAME,,HIRAGANA_KATAKANA,,,-,トーコ,,tooko,To-ko,,,
693997,WORD_NAME,,HIRAGANA_KATAKANA,,,-,トータス,,tootasu,To-tasu,,,
694029,WORD_NAME,,HIRAGANA_KATAKANA,,,-,トーマス,,toomasu,Thomas,,,
695158,WORD_NAME,,HIRAGANA_KATAKANA,,,-,ドロテア,,dorotea,Dorotea,,,
695224,WORD_NAME,,HIRAGANA_KATAKANA,,,-,ドンゲ,,donge,Donge,,,
695473,WORD_NAME,,HIRAGANA_KATAKANA,,,-,ナイフ,,naifu,Naifu,,,
695498,WORD_NAME,,HIRAGANA_KATAKANA,,,-,ナウ,,nau,Nau,,,
695536,WORD_NAME,,HIRAGANA_KATAKANA,,,-,ナオト,,naoto,Naoto,,,
695711,WORD_NAME,,HIRAGANA_KATAKANA,,,-,ナターシァ,,nataashia,Natasha,,,
695772,WORD_NAME,,HIRAGANA_KATAKANA,,,-,ナツエ,,natsue,Natsue,,,
695781,WORD_NAME,,HIRAGANA_KATAKANA,,,-,ナツヱ,,natsu,Natsue (Natsuwe),,,
695913,WORD_NAME,,HIRAGANA_KATAKANA,,,-,ナヘ,,nahe,Nahe,,,
696117,WORD_NAME,,HIRAGANA_KATAKANA,,,-,ナヲエ,,nawoe,Naoe (Nawoe),,,
696300,WORD_NAME,,HIRAGANA_KATAKANA,,,-,ニキタ,,nikita,Nikita,,,
696304,WORD_NAME,,HIRAGANA_KATAKANA,,,-,ニキータ,,nikiita,Nikita,,,
696385,WORD_NAME,,HIRAGANA_KATAKANA,,,-,ニコレ,,nikore,Nicolet,,,
696540,WORD_NAME,,HIRAGANA_KATAKANA,,,-,ニッタヤー,,nittayaa,Nittaya,,,
697088,WORD_NAME,,HIRAGANA_KATAKANA,,,-,ヌブリ,,nuburi,Nuburi,,,
697682,WORD_NAME,,HIRAGANA_KATAKANA,,,-,ノオト,,nooto,Nooto,,,
697708,WORD_NAME,,HIRAGANA_KATAKANA,,,-,ノコ,,noko,Noko,,,
697746,WORD_NAME,,HIRAGANA_KATAKANA,,,-,ノック,,nokku,Nokku,,,
697752,WORD_NAME,,HIRAGANA_KATAKANA,,,-,ノッコ,,nokko,Nokko,,,
697832,WORD_NAME,,HIRAGANA_KATAKANA,,,-,ノブオ,,nobuo,Nobuo,,,
697835,WORD_NAME,,HIRAGANA_KATAKANA,,,-,ノブチカ,,nobuchika,Nobuchika,,,
697907,WORD_NAME,,HIRAGANA_KATAKANA,,,-,ノリオ,,norio,Norio,,,
698009,WORD_NAME,,HIRAGANA_KATAKANA,,,-,ノン,,non,Non,,,
698014,WORD_NAME,,HIRAGANA_KATAKANA,,,-,ノンジ,,nonji,Nonji,,,
698257,WORD_NAME,,HIRAGANA_KATAKANA,,,-,ハイク,,haiku,Haiku,,,
698294,WORD_NAME,,HIRAGANA_KATAKANA,,,-,ハイディ,,haidi,Haidi,,,
698437,WORD_NAME,,HIRAGANA_KATAKANA,,,-,ハインツ,,haintsu,Haintsu,,,
698469,WORD_NAME,,HIRAGANA_KATAKANA,,,-,ハウカセ,,haukase,Haukase,,,
698628,WORD_NAME,,HIRAGANA_KATAKANA,,,-,ハジメ,,hajime,Hajime,,,
698666,WORD_NAME,,HIRAGANA_KATAKANA,,,-,ハズヱ,,hazu,Hazue (Hazuwe),,,
698716,WORD_NAME,,HIRAGANA_KATAKANA,,,-,ハチロー,,hachiroo,Hachiro,,,
698819,WORD_NAME,,HIRAGANA_KATAKANA,,,-,ハツセ,,hatsuse,Hatsuse,,,
698826,WORD_NAME,,HIRAGANA_KATAKANA,,,-,ハヅエ,,hadue,Hadzue,,,
698903,WORD_NAME,,HIRAGANA_KATAKANA,,,-,ハナミ,,hanami,Hanami,,,
699020,"WORD_NAME
WORD_PLACE",,HIRAGANA_KATAKANA,,,-,ハマ,,hama,Hama,,,
699024,WORD_NAME,,HIRAGANA_KATAKANA,,,-,ハマコ,,hamako,Hamako,,,
699175,WORD_NAME,,HIRAGANA_KATAKANA,,,-,ハリイ,,harii,Harry,,,
699225,WORD_NAME,,HIRAGANA_KATAKANA,,,-,ハリー,,harii,Harry,,,
699252,WORD_NAME,,HIRAGANA_KATAKANA,,,-,ハルオ,,haruo,Haruo,,,
699395,WORD_NAME,,HIRAGANA_KATAKANA,,,-,ハルミン,,harumin,Harumin,,,
699402,WORD_NAME,,HIRAGANA_KATAKANA,,,-,ハルヨ,,haruyo,Haruyo,,,
700595,WORD_NAME,,HIRAGANA_KATAKANA,,,-,バネサ,,banesa,Banesa,,,
700710,WORD_NAME,,HIRAGANA_KATAKANA,,,-,バムケロ,,bamukero,Bamukero,,,
701337,WORD_NAME,,HIRAGANA_KATAKANA,,,-,バンコール,,bankooru,Bankole,,,
701413,WORD_NAME,,HIRAGANA_KATAKANA,,,-,バンチョウ,,banchou,Banchou,,,
701750,WORD_NAME,,HIRAGANA_KATAKANA,,,-,バーバラ,,baabara,Ba-bara,,,
702255,WORD_NAME,,HIRAGANA_KATAKANA,,,-,パッパラー,,papparaa,Pappara,,,
702324,WORD_NAME,,HIRAGANA_KATAKANA,,,-,パトリシア,,patorishia,Patricia,,,
702730,WORD_NAME,,HIRAGANA_KATAKANA,,,-,パルト,,paruto,Paruto,,,
703017,WORD_NAME,,HIRAGANA_KATAKANA,,,-,パンダ,,panda,Panda,,,
703164,WORD_NAME,,HIRAGANA_KATAKANA,,,-,パーチク,,paachiku,Pa-chiku,,,
703374,WORD_NAME,,HIRAGANA_KATAKANA,,,-,ヒッチ,,hicchi,Hicchi,,,
703381,WORD_NAME,,HIRAGANA_KATAKANA,,,-,ヒット,,hitto,Hitto,,,
703401,WORD_NAME,,HIRAGANA_KATAKANA,,,-,ヒデノリ,,hidenori,Hidenori,,,
703483,WORD_NAME,,HIRAGANA_KATAKANA,,,-,ヒメ,,hime,Hime,,,
703715,WORD_NAME,,HIRAGANA_KATAKANA,,,-,ヒロ,,hiro,Hiro,,,
703717,WORD_NAME,,HIRAGANA_KATAKANA,,,-,ヒロオ,,hiroo,Hiroo,,,
703720,WORD_NAME,,HIRAGANA_KATAKANA,,,-,ヒロキ,,hiroki,Hiroki,,,
703724,WORD_NAME,,HIRAGANA_KATAKANA,,,-,ヒロシ,,hiroshi,Hiroshi,,,
703725,WORD_NAME,,HIRAGANA_KATAKANA,,,-,ヒロテル,,hiroteru,Hiroteru,,,
703726,WORD_NAME,,HIRAGANA_KATAKANA,,,-,ヒロト,,hiroto,Hiroto,,,
703732,WORD_NAME,,HIRAGANA_KATAKANA,,,-,ヒロミツ,,hiromitsu,Hiromitsu,,,
703733,WORD_NAME,,HIRAGANA_KATAKANA,,,-,ヒロユキ,,hiroyuki,Hiroyuki,,,
704183,WORD_NAME,,HIRAGANA_KATAKANA,,,-,ビッキ,,bikki,Bikki,,,
704184,WORD_NAME,,HIRAGANA_KATAKANA,,,-,ビッキー,,bikkii,Bikki,,,
704842,WORD_NAME,,HIRAGANA_KATAKANA,,,-,ビーチャム,,biichamu,Beecham,,,
705041,WORD_NAME,,HIRAGANA_KATAKANA,,,-,ピギー,,pigii,Pigi,,,
705520,WORD_NAME,,HIRAGANA_KATAKANA,,,-,ピンキー,,pinkii,Pinki,,,
705587,WORD_NAME,,HIRAGANA_KATAKANA,,,-,ピーコ,,piiko,Pi-ko,,,
705639,WORD_NAME,,HIRAGANA_KATAKANA,,,-,ピーチク,,piichiku,Pi-chiku,,,
705649,WORD_NAME,,HIRAGANA_KATAKANA,,,-,ピート,,piito,Pi-to,,,
705876,WORD_NAME,,HIRAGANA_KATAKANA,,,-,ファビーニョ,,fabiinyo,Fabinho,,,
707691,WORD_NAME,,HIRAGANA_KATAKANA,,,-,フキエ,,fukie,Fukie,,,
707755,WORD_NAME,,HIRAGANA_KATAKANA,,,-,フジコ,,fujiko,Fujiko,,,
707800,WORD_NAME,,HIRAGANA_KATAKANA,,,-,フヂ,,fudi,Fudzi,,,
707809,"WORD_NAME
WORD_SURNAME_NAME",,HIRAGANA_KATAKANA,,,-,フック,,fukku,Fukku,,,
707909,WORD_NAME,,HIRAGANA_KATAKANA,,,-,フミノ,,fumino,Fumino,,,
707910,WORD_NAME,,HIRAGANA_KATAKANA,,,-,フミヤス,,fumiyasu,Fumiyasu,,,
708097,WORD_NAME,,HIRAGANA_KATAKANA,,,-,フラム,,furamu,Furamu,,,
708117,"WORD_NAME
WORD_SURNAME_NAME",,HIRAGANA_KATAKANA,,,-,フランク,,furanku,Frank,,,
708224,WORD_NAME,,HIRAGANA_KATAKANA,,,-,フランソワーズ,,furansowaazu,Furansowa-zu,,,
708644,WORD_NAME,,HIRAGANA_KATAKANA,,,-,フレディ,,furedi,Freddy,,,
708650,"WORD_NAME
WORD_PLACE",,HIRAGANA_KATAKANA,,,-,フレデリック,,furederikku,Frederick,,,
709263,WORD_NAME,,HIRAGANA_KATAKANA,,,-,ブライアン,,buraian,Brian,,,
709360,WORD_NAME,,HIRAGANA_KATAKANA,,,-,ブラスタ,,burasuta,Burasuta,,,
709378,WORD_NAME,,HIRAGANA_KATAKANA,,,-,ブラック,,burakku,Black,,,
710129,WORD_NAME,,HIRAGANA_KATAKANA,,,-,ブロ,,buro,Buro,,,
710264,WORD_NAME,,HIRAGANA_KATAKANA,,,-,ブー,,buu,Bu,,,
710503,WORD_NAME,,HIRAGANA_KATAKANA,,,-,プッペ,,puppe,Puppe,,,
711534,WORD_NAME,,HIRAGANA_KATAKANA,,,-,ヘッケル,,hekkeru,Hekkeru,,,
711677,WORD_NAME,,HIRAGANA_KATAKANA,,,-,ヘミングス,,hemingusu,Fred,,,
712029,WORD_NAME,,HIRAGANA_KATAKANA,,,-,ヘンリー,,henrii,Henry,,,
712306,WORD_NAME,,HIRAGANA_KATAKANA,,,-,ベジ,,beji,Beji,,,
712405,WORD_NAME,,HIRAGANA_KATAKANA,,,-,ベッキー,,bekkii,Bekki,,,
712622,"WORD_NAME
WORD_PLACE",,HIRAGANA_KATAKANA,,,-,ベバリー,,bebarii,Beverly,,,
712850,WORD_NAME,,HIRAGANA_KATAKANA,,,-,ベルタ,,beruta,Beruta,,,
713740,WORD_NAME,,HIRAGANA_KATAKANA,,,-,ペペ,,pepe,Pepe,,,
714169,WORD_NAME,,HIRAGANA_KATAKANA,,,-,ペー,,pee,Pe,,,
715376,WORD_NAME,,HIRAGANA_KATAKANA,,,-,ボタン,,botan,Botan,,,
715499,WORD_NAME,,HIRAGANA_KATAKANA,,,-,ボパナ,,bopana,Bopana,,,
716193,WORD_NAME,,HIRAGANA_KATAKANA,,,-,ポチ,,pochi,Pochi,,,
716753,WORD_NAME,,HIRAGANA_KATAKANA,,,-,ポンテオ,,ponteo,Pontius (as in Pontius Pilate),,,
716831,WORD_NAME,,HIRAGANA_KATAKANA,,,-,ポンプ,,ponpu,Ponpu,,,
717372,WORD_NAME,,HIRAGANA_KATAKANA,,,-,マオ,,mao,Mao,,,
717494,WORD_NAME,,HIRAGANA_KATAKANA,,,-,マキホ,,makiho,Makiho,,,
717504,WORD_NAME,,HIRAGANA_KATAKANA,,,-,マキレ,,makire,Makire,,,
717908,WORD_NAME,,HIRAGANA_KATAKANA,,,-,マサアキ,,masaaki,Masaaki,,,
717913,WORD_NAME,,HIRAGANA_KATAKANA,,,-,マサオ,,masao,Masao,,,
717916,WORD_NAME,,HIRAGANA_KATAKANA,,,-,マサキ,,masaki,Masaki,,,
717920,"WORD_NAME
WORD_PLACE",,HIRAGANA_KATAKANA,,,-,マサシ,,masashi,Masashi,,,
717926,WORD_NAME,,HIRAGANA_KATAKANA,,,-,マサト,,masato,Masato,,,
717931,WORD_NAME,,HIRAGANA_KATAKANA,,,-,マサハル,,masaharu,Masaharu,,,
717943,WORD_NAME,,HIRAGANA_KATAKANA,,,-,マサル,,masaru,Masaru,,,
718091,WORD_NAME,,HIRAGANA_KATAKANA,,,-,マスクリ,,masukuri,Masukuri,,,
718102,WORD_NAME,,HIRAGANA_KATAKANA,,,-,マスコ,,masuko,Masuko,,,
718139,WORD_NAME,,HIRAGANA_KATAKANA,,,-,マスヨ,,masuyo,Masuyo,,,
718287,WORD_NAME,,HIRAGANA_KATAKANA,,,-,マチス,,machisu,Machisu,,,
718602,WORD_NAME,,HIRAGANA_KATAKANA,,,-,マッチ,,macchi,Macchi,,,
718669,WORD_NAME,,HIRAGANA_KATAKANA,,,-,マツガマ,,matsugama,Matsugama,,,
718693,WORD_NAME,,HIRAGANA_KATAKANA,,,-,マツヱ,,matsu,Matsue (Matsuwe),,,
718718,WORD_NAME,,HIRAGANA_KATAKANA,,,-,マテウ,,mateu,Mateu,,,
718862,WORD_NAME,,HIRAGANA_KATAKANA,,,-,マナブ,,manabu,Manabu,,,
719157,WORD_NAME,,HIRAGANA_KATAKANA,,,-,マユリ,,mayuri,Mayuri,,,
719363,WORD_NAME,,HIRAGANA_KATAKANA,,,-,マリカ,,marika,Marika,,,
719439,WORD_NAME,,HIRAGANA_KATAKANA,,,-,マリヤ,,mariya,Marija,,,
719449,"WORD_NAME
WORD_PLACE",,HIRAGANA_KATAKANA,,,-,マリリア,,mariria,Mariria,,,
719486,WORD_NAME,,HIRAGANA_KATAKANA,,,-,マリーナ,,mariina,Marina,,,
720286,WORD_NAME,,HIRAGANA_KATAKANA,,,-,マーガレット,,maagaretto,Margaret,,,
720851,WORD_NAME,,HIRAGANA_KATAKANA,,,-,ミチオ,,michio,Michio,,,
720931,WORD_NAME,,HIRAGANA_KATAKANA,,,-,ミッヘル,,mihheru,Michel,,,
720948,WORD_NAME,,HIRAGANA_KATAKANA,,,-,ミツコ,,mitsuko,Mitsuko,,,
720950,WORD_NAME,,HIRAGANA_KATAKANA,,,-,ミツノ,,mitsuno,Mitsuno,,,
721063,WORD_NAME,,HIRAGANA_KATAKANA,,,-,ミネハハ,,minehaha,Minehaha,,,
721083,WORD_NAME,,HIRAGANA_KATAKANA,,,-,ミノブ,,minobu,Minobu,,,
721086,WORD_NAME,,HIRAGANA_KATAKANA,,,-,ミノル,,minoru,Minoru,,,
721145,WORD_NAME,,HIRAGANA_KATAKANA,,,-,ミマン,,miman,Miman,,,
721151,WORD_NAME,,HIRAGANA_KATAKANA,,,-,ミミナ,,mimina,Mimina,,,
721774,WORD_NAME,,HIRAGANA_KATAKANA,,,-,ムス,,musu,Musu,,,
721817,WORD_NAME,,HIRAGANA_KATAKANA,,,-,ムッシュウ,,musshuu,Musshuu,,,
721831,WORD_NAME,,HIRAGANA_KATAKANA,,,-,ムツオ,,mutsuo,Mutsuo,,,
723016,"WORD_NAME
WORD_PLACE",,HIRAGANA_KATAKANA,,,-,メロン,,meron,Meron,,,
723539,WORD_NAME,,HIRAGANA_KATAKANA,,,-,モトミ,,motomi,Motomi,,,
723594,WORD_NAME,,HIRAGANA_KATAKANA,,,-,モノ,,mono,Mono,,,
723767,WORD_NAME,,HIRAGANA_KATAKANA,,,-,モリオ,,morio,Morio,,,
723810,WORD_NAME,,HIRAGANA_KATAKANA,,,-,モリヱ,,mori,Morie (Moriwe),,,
724490,WORD_NAME,,HIRAGANA_KATAKANA,,,-,ヤエカ,,yaeka,Yaeka,,,
724524,WORD_NAME,,HIRAGANA_KATAKANA,,,-,ヤクシニィ,,yakushinii,Yakushinii,,,
724605,WORD_NAME,,HIRAGANA_KATAKANA,,,-,ヤスシ,,yasushi,Yasushi,,,
724606,WORD_NAME,,HIRAGANA_KATAKANA,,,-,ヤスジ,,yasuji,Yasuji,,,
724616,WORD_NAME,,HIRAGANA_KATAKANA,,,-,ヤスミン,,yasumin,Yasumin,,,
724794,WORD_NAME,,HIRAGANA_KATAKANA,,,-,ヤヨミ,,yayomi,Yayomi,,,
725088,WORD_NAME,,HIRAGANA_KATAKANA,,,-,ユズル,,yuzuru,Yuzuru,,,
725219,WORD_NAME,,HIRAGANA_KATAKANA,,,-,ユリイカ,,yuriika,Yuriika,,,
725337,WORD_NAME,,HIRAGANA_KATAKANA,,,-,ユーコ,,yuuko,Yu-ko,,,
725349,WORD_NAME,,HIRAGANA_KATAKANA,,,-,ユージ,,yuuji,Yu-ji,,,
725358,WORD_NAME,,HIRAGANA_KATAKANA,,,-,ユースケ,,yuusuke,Yu-suke,,,
725425,WORD_NAME,,HIRAGANA_KATAKANA,,,-,ユーレイ,,yuurei,Yu-rei,,,
725490,WORD_NAME,,HIRAGANA_KATAKANA,,,-,ヨシオ,,yoshio,Yoshio,,,
725494,WORD_NAME,,HIRAGANA_KATAKANA,,,-,ヨシカ,,yoshika,Yoshika,,,
725503,WORD_NAME,,HIRAGANA_KATAKANA,,,-,ヨシタカ,,yoshitaka,Yoshitaka,,,
725512,WORD_NAME,,HIRAGANA_KATAKANA,,,-,ヨシノリ,,yoshinori,Yoshinori,,,
725514,WORD_NAME,,HIRAGANA_KATAKANA,,,-,ヨシヒロ,,yoshihiro,Yoshihiro,,,
725519,WORD_NAME,,HIRAGANA_KATAKANA,,,-,ヨシマサ,,yoshimasa,Yoshimasa,,,
725523,WORD_NAME,,HIRAGANA_KATAKANA,,,-,ヨシヤ,,yoshiya,Yoshiya,,,
725525,WORD_NAME,,HIRAGANA_KATAKANA,,,-,ヨシユキ,,yoshiyuki,Yoshiyuki,,,
725531,WORD_NAME,,HIRAGANA_KATAKANA,,,-,ヨスミ,,yosumi,Yosumi,,,
725651,WORD_NAME,,HIRAGANA_KATAKANA,,,-,ヨリヲ,,yoriwo,Yorio (Yoriwo),,,
725732,WORD_NAME,,HIRAGANA_KATAKANA,,,-,ヨースケ,,yoosuke,Yo-suke,,,
725826,WORD_NAME,,HIRAGANA_KATAKANA,,,-,ライス,,raisu,Raisu,,,
726180,WORD_NAME,,HIRAGANA_KATAKANA,,,-,ラカン,,rakan,Rakan,,,
726220,WORD_NAME,,HIRAGANA_KATAKANA,,,-,ラクシミ,,rakushimi,Lakshmi,,,
726295,WORD_NAME,,HIRAGANA_KATAKANA,,,-,ラケット,,raketto,Raketto,,,
726673,WORD_NAME,,HIRAGANA_KATAKANA,,,-,ラッパ,,rappa,Rappa,,,
726932,WORD_NAME,,HIRAGANA_KATAKANA,,,-,ラビ,,rabi,Rabi,,,
727040,WORD_NAME,,HIRAGANA_KATAKANA,,,-,ラフカデイオ,,rafukadeio,Lafcadio,,,
727041,WORD_NAME,,HIRAGANA_KATAKANA,,,-,ラフカデオ,,rafukadeo,Lafcadio,,,
727241,WORD_NAME,,HIRAGANA_KATAKANA,,,-,ラマダ,,ramada,Ramada,,,
728216,WORD_NAME,,HIRAGANA_KATAKANA,,,-,リギオ,,rigio,Rigio,,,
728371,WORD_NAME,,HIRAGANA_KATAKANA,,,-,リスヲ,,risuwo,Risuo (Risuwo),,,
728412,WORD_NAME,,HIRAGANA_KATAKANA,,,-,リチャード,,richaado,Richard,,,
728571,WORD_NAME,,HIRAGANA_KATAKANA,,,-,リデヤ,,rideya,Rideya,,,
729167,WORD_NAME,,HIRAGANA_KATAKANA,,,-,リューリ,,ryuuri,Ryu-ri,,,
729179,WORD_NAME,,HIRAGANA_KATAKANA,,,-,リョウヂ,,ryoudi,Ryoudzi,,,
729185,WORD_NAME,,HIRAGANA_KATAKANA,,,-,リョヲマ,,ryowoma,Ryooma (Ryowoma),,,
729187,WORD_NAME,,HIRAGANA_KATAKANA,,,-,リョージ,,ryooji,Ryo-ji,,,
729189,WORD_NAME,,HIRAGANA_KATAKANA,,,-,リョーツ,,ryootsu,Ryo-tsu,,,
730081,WORD_NAME,,HIRAGANA_KATAKANA,,,-,ルチオ,,ruchio,Ruchio,,,
730144,WORD_NAME,,HIRAGANA_KATAKANA,,,-,ルティ,,ruti,Ruti,,,
730467,WORD_NAME,,HIRAGANA_KATAKANA,,,-,ルリ,,ruri,Ruri,,,
730475,WORD_NAME,,HIRAGANA_KATAKANA,,,-,ルリヱ,,ruri,Rurie (Ruriwe),,,
730631,WORD_NAME,,HIRAGANA_KATAKANA,,,-,ルース,,ruusu,Ruth,,,
730797,"WORD_NAME
WORD_PLACE",,HIRAGANA_KATAKANA,,,-,レイ,,rei,Rei,,,
730830,WORD_NAME,,HIRAGANA_KATAKANA,,,-,レイジ,,reiji,Reiji,,,
731322,WORD_NAME,,HIRAGANA_KATAKANA,,,-,レツ,,retsu,Retsu,,,
731389,WORD_NAME,,HIRAGANA_KATAKANA,,,-,レニ,,reni,Reni,,,
732290,WORD_NAME,,HIRAGANA_KATAKANA,,,-,ロザック,,rozakku,Rozakku,,,
732468,WORD_NAME,,HIRAGANA_KATAKANA,,,-,ロセル,,roseru,Roselle,,,
732471,"WORD_NAME
WORD_PLACE",,HIRAGANA_KATAKANA,,,-,ロゼッタ,,rozetta,Rosetta,,,
732577,WORD_NAME,,HIRAGANA_KATAKANA,,,-,ロッシャン,,rosshan,Rosshan,,,
733304,WORD_NAME,,HIRAGANA_KATAKANA,,,-,ローザ,,rooza,Rosa,,,
733321,WORD_NAME,,HIRAGANA_KATAKANA,,,-,ロージア,,roojia,Ro-jia,,,
733557,WORD_NAME,,HIRAGANA_KATAKANA,,,-,ローリィ,,roorii,Rory,,,
733853,WORD_NAME,,HIRAGANA_KATAKANA,,,-,ワサブロー,,wasaburoo,Wasaburo,,,
733905,WORD_NAME,,HIRAGANA_KATAKANA,,,-,ワタル,,wataru,Wataru,,,
734020,WORD_NAME,,HIRAGANA_KATAKANA,,,-,ワラ,,wara,Wara,,,
734100,WORD_NAME,,HIRAGANA_KATAKANA,,,-,ワルデマル,,warudemaru,Waldemar,,,
734289,WORD_NAME,,HIRAGANA_KATAKANA,,,-,ヱイ,,i,Ei (Wei),,,
734290,WORD_NAME,,HIRAGANA_KATAKANA,,,-,ヱキ,,ki,Eki (Weki),,,
734297,WORD_NAME,,HIRAGANA_KATAKANA,,,-,ヱリサ,,risa,Erisa (Werisa),,,
734301,WORD_NAME,,HIRAGANA_KATAKANA,,,-,ヲキセ,,wokise,Okise (Wokise),,,
734302,WORD_NAME,,HIRAGANA_KATAKANA,,,-,ヲギ,,wogi,Ogi (Wogi),,,
734316,WORD_NAME,,HIRAGANA_KATAKANA,,,-,ヲトネ,,wotone,Otone (Wotone),,,
